Sample,ASV10,ASV11,ASV14,ASV16,ASV17,ASV19,ASV2,ASV21,ASV22,ASV27,ASV28,ASV29,ASV30,ASV31,ASV32,ASV34,ASV5,ASV6,ASV7,ASV8,ASV9,Unassigne,X120,X263,X391,X491,Experiment,Shake,Media,Beads,Temp,Rep,Time,Day,Treatment
PMXC7.CR.Seed.Comm,445,922,997,365,1891,256,481,858,986,206,565,676,513,823,290,934,668,150,1028,488,2341,15,370,1006,399,168,PMXC7,NA,CR,NA,NA,NA,OG,0,OG
PMXC7.M9TC.Seed.Comm,507,1217,1202,385,1206,245,551,758,875,185,823,607,476,776,430,1300,280,105,1112,408,2137,17,400,1118,550,171,PMXC7,NA,M9,NA,NA,NA,OG,0,OG
PMXC7.NS.CR.B.RT.REP1.T0,156,148,7596,213,76,68,78,7,6,11,35,2255,1163,406,429,3970,927,6,0,79,4,16,35,50,22,85,PMXC7,NS,CR,B,RT,REP1,T0,3,NSCRRTB
PMXC7.NS.CR.B.RT.REP2.T0,247,119,7129,181,110,77,85,11,5,6,53,2229,1017,294,463,4532,1016,4,5,79,9,3,44,56,16,51,PMXC7,NS,CR,B,RT,REP2,T0,3,NSCRRTB
PMXC7.NS.CR.B.RT.REP3.T0,113,110,8137,187,28,33,49,2,3,8,23,2002,773,316,289,4758,651,6,1,36,15,178,9,41,6,67,PMXC7,NS,CR,B,RT,REP3,T0,3,NSCRRTB
PMXC7.NS.CR.B.VT.REP1.T0,63,64,9267,48,84,24,66,8,0,0,25,1326,385,104,329,5063,274,0,8,47,26,515,5,56,20,34,PMXC7,NS,CR,B,VT,REP1,T0,3,NSCRVTB
PMXC7.NS.CR.B.VT.REP2.T0,106,51,7131,90,24,42,24,1,1,2,4,2127,769,95,287,6315,583,0,2,112,2,21,22,0,2,28,PMXC7,NS,CR,B,VT,REP2,T0,3,NSCRVTB
PMXC7.NS.CR.B.VT.REP3.T0,144,46,7012,122,13,62,33,3,6,1,13,2030,816,76,280,6321,652,1,0,130,2,5,37,5,13,18,PMXC7,NS,CR,B,VT,REP3,T0,3,NSCRVTB
PMXC7.NS.CR.NB.RT.REP1.T0,120,135,5745,178,54,75,63,1,6,1,24,3307,1548,293,467,4784,654,6,2,171,8,44,27,38,23,67,PMXC7,NS,CR,NB,RT,REP1,T0,3,NSCRRTNB
PMXC7.NS.CR.NB.RT.REP2.T0,147,163,7460,192,54,56,38,5,8,3,17,2930,1276,281,272,4121,578,6,4,102,3,7,25,24,13,56,PMXC7,NS,CR,NB,RT,REP2,T0,3,NSCRRTNB
PMXC7.NS.CR.NB.RT.REP3.T0,88,152,6391,175,100,107,78,5,7,4,25,2835,1256,303,347,5018,628,12,1,150,5,1,30,33,25,65,PMXC7,NS,CR,NB,RT,REP3,T0,3,NSCRRTNB
PMXC7.NS.CR.NB.VT.REP1.T0,118,37,6736,94,24,47,13,0,4,0,4,2063,1608,70,467,5760,610,0,1,99,0,11,38,10,8,19,PMXC7,NS,CR,NB,VT,REP1,T0,3,NSCRVTNB
PMXC7.NS.CR.NB.VT.REP2.T0,131,100,7224,138,13,30,22,3,11,1,2,2112,1031,111,350,5759,578,0,1,125,8,6,20,2,13,50,PMXC7,NS,CR,NB,VT,REP2,T0,3,NSCRVTNB
PMXC7.NS.CR.NB.VT.REP3.T0,104,71,7985,157,12,26,10,0,11,1,5,3618,795,103,276,3774,660,4,3,106,4,35,16,7,4,54,PMXC7,NS,CR,NB,VT,REP3,T0,3,NSCRVTNB
PMXC7.NS.M9.B.RT.REP1.T0,57,88,4853,94,46,13,27,36,20,3,29,8130,1877,67,452,1651,177,3,0,5,45,115,6,29,4,14,PMXC7,NS,M9,B,RT,REP1,T0,3,NSM9RTB
PMXC7.NS.M9.B.RT.REP2.T0,119,93,4283,91,137,35,85,14,3,8,83,6853,1904,97,888,2502,263,8,7,20,84,93,31,89,28,23,PMXC7,NS,M9,B,RT,REP2,T0,3,NSM9RTB
PMXC7.NS.M9.B.RT.REP3.T0,92,72,6219,85,131,19,71,17,10,14,94,4986,1624,83,859,2860,233,9,2,17,88,115,16,83,15,27,PMXC7,NS,M9,B,RT,REP3,T0,3,NSM9RTB
PMXC7.NS.M9.B.VT.REP1.T0,75,41,7185,74,81,30,36,8,2,5,51,4997,881,48,955,2755,360,3,2,21,33,71,16,86,8,17,PMXC7,NS,M9,B,VT,REP1,T0,3,NSM9VTB
PMXC7.NS.M9.B.VT.REP2.T0,94,32,7781,65,25,17,14,7,6,0,55,6072,764,57,726,1595,345,5,0,7,23,67,7,49,8,20,PMXC7,NS,M9,B,VT,REP2,T0,3,NSM9VTB
PMXC7.NS.M9.B.VT.REP3.T0,140,27,7266,81,116,21,71,6,5,4,119,5409,621,56,897,2303,403,11,3,11,72,17,16,130,5,31,PMXC7,NS,M9,B,VT,REP3,T0,3,NSM9VTB
PMXC7.NS.M9.NB.RT.REP1.T0,154,158,1847,124,360,65,122,31,31,8,176,6649,2504,156,787,3698,387,16,12,45,215,10,47,156,37,46,PMXC7,NS,M9,NB,RT,REP1,T0,3,NSM9RTNB
PMXC7.NS.M9.NB.RT.REP2.T0,126,95,3475,112,154,25,47,23,28,11,99,7123,1811,178,1090,2457,348,13,6,44,97,311,33,69,30,36,PMXC7,NS,M9,NB,RT,REP2,T0,3,NSM9RTNB
PMXC7.NS.M9.NB.RT.REP3.T0,97,103,3097,140,174,18,32,25,32,7,86,7053,1705,149,890,3291,391,17,11,40,132,191,27,60,28,45,PMXC7,NS,M9,NB,RT,REP3,T0,3,NSM9RTNB
PMXC7.NS.M9.NB.VT.REP1.T0,55,52,4000,100,274,44,115,8,8,4,160,4500,1248,181,2338,4028,356,11,6,13,145,7,26,100,18,44,PMXC7,NS,M9,NB,VT,REP1,T0,3,NSM9VTNB
PMXC7.NS.M9.NB.VT.REP2.T0,73,60,5480,83,157,34,86,7,5,7,77,4097,779,166,2325,3752,349,11,8,23,73,26,19,90,16,38,PMXC7,NS,M9,NB,VT,REP2,T0,3,NSM9VTNB
PMXC7.NS.M9.NB.VT.REP3.T0,71,56,5220,127,155,19,67,8,8,3,94,4983,785,236,2325,2977,396,9,6,20,97,42,20,75,11,31,PMXC7,NS,M9,NB,VT,REP3,T0,3,NSM9VTNB
PMXC7.S.CR.B.RT.REP1.T0,97,13,1228,169,73,97,51,0,0,0,28,772,1364,144,3312,10217,99,0,0,15,5,2,26,0,8,121,PMXC7,S,CR,B,RT,REP1,T0,3,SCRRTB
PMXC7.S.CR.B.RT.REP2.T0,94,4,704,93,58,45,43,0,0,0,0,1089,811,146,4557,10046,22,0,0,4,0,17,10,0,1,97,PMXC7,S,CR,B,RT,REP2,T0,3,SCRRTB
PMXC7.S.CR.B.RT.REP3.T0,256,16,3614,114,81,86,65,1,0,3,10,1099,792,365,2530,8465,167,6,0,59,5,4,28,2,7,66,PMXC7,S,CR,B,RT,REP3,T0,3,SCRRTB
PMXC7.S.CR.B.VT.REP1.T0,145,16,4623,67,52,41,10,7,0,0,8,1374,867,269,4068,5851,177,5,0,34,4,73,34,4,0,112,PMXC7,S,CR,B,VT,REP1,T0,3,SCRVTB
PMXC7.S.CR.B.VT.REP2.T0,154,6,5566,52,20,33,14,2,2,0,3,2448,1557,236,2552,4780,238,0,0,61,2,11,15,0,7,82,PMXC7,S,CR,B,VT,REP2,T0,3,SCRVTB
PMXC7.S.CR.B.VT.REP3.T0,218,25,5552,76,129,88,35,3,0,3,14,1793,741,407,2307,5985,299,2,0,64,2,10,23,5,10,50,PMXC7,S,CR,B,VT,REP3,T0,3,SCRVTB
PMXC7.S.CR.NB.RT.REP1.T0,267,30,4498,91,48,99,60,0,0,0,8,1186,1726,206,2424,6863,208,3,0,36,1,17,36,0,0,34,PMXC7,S,CR,NB,RT,REP1,T0,3,SCRRTNB
PMXC7.S.CR.NB.RT.REP2.T0,313,3,9059,92,61,35,98,5,7,3,37,1627,1036,102,1532,3190,310,0,0,35,15,234,6,0,21,20,PMXC7,S,CR,NB,RT,REP2,T0,3,SCRRTNB
PMXC7.S.CR.NB.RT.REP3.T0,179,8,3587,100,56,63,160,4,0,0,28,709,1240,226,2300,8947,111,5,0,35,0,15,20,1,0,47,PMXC7,S,CR,NB,RT,REP3,T0,3,SCRRTNB
PMXC7.S.CR.NB.VT.REP1.T0,185,36,6605,116,27,57,16,8,0,0,21,2428,1082,274,1361,5218,235,5,0,101,0,8,13,2,7,36,PMXC7,S,CR,NB,VT,REP1,T0,3,SCRVTNB
PMXC7.S.CR.NB.VT.REP2.T0,175,0,5504,54,21,67,17,20,10,0,32,1486,1707,232,1537,6335,258,0,0,77,0,279,0,0,8,22,PMXC7,S,CR,NB,VT,REP2,T0,3,SCRVTNB
PMXC7.S.CR.NB.VT.REP3.T0,142,58,6867,94,109,33,37,0,2,0,13,1874,1048,352,1483,4989,317,0,0,8,21,313,15,36,13,17,PMXC7,S,CR,NB,VT,REP3,T0,3,SCRVTNB
PMXC7.S.M9.B.RT.REP1.T0,253,55,7869,82,118,15,149,8,3,4,115,4677,1191,137,1377,1224,190,6,5,21,63,150,7,90,18,14,PMXC7,S,M9,B,RT,REP1,T0,3,SM9RTB
PMXC7.S.M9.B.RT.REP2.T0,179,59,9197,54,92,12,135,7,5,1,93,3914,903,131,1085,1462,147,13,6,8,54,164,9,68,12,31,PMXC7,S,M9,B,RT,REP2,T0,3,SM9RTB
PMXC7.S.M9.B.RT.REP3.T0,243,40,6878,83,301,46,223,4,9,7,211,4278,1015,137,1519,2356,207,14,4,26,77,15,19,75,26,28,PMXC7,S,M9,B,RT,REP3,T0,3,SM9RTB
PMXC7.S.M9.B.VT.REP1.T0,155,52,8620,71,59,9,60,10,5,0,64,4725,1189,185,757,1385,247,12,1,8,27,95,11,66,6,22,PMXC7,S,M9,B,VT,REP1,T0,3,SM9VTB
PMXC7.S.M9.B.VT.REP2.T0,181,54,8083,72,179,25,189,1,1,7,162,3903,1058,175,956,2252,233,11,3,17,47,84,12,102,17,17,PMXC7,S,M9,B,VT,REP2,T0,3,SM9VTB
PMXC7.S.M9.B.VT.REP3.T0,208,48,8916,103,84,15,91,2,6,2,86,3912,976,122,762,1824,275,6,3,13,37,230,9,65,10,36,PMXC7,S,M9,B,VT,REP3,T0,3,SM9VTB
PMXC7.S.M9.NB.RT.REP1.T0,366,147,1420,290,392,93,135,65,40,4,238,10015,1338,339,479,1134,555,25,18,52,298,57,47,203,51,40,PMXC7,S,M9,NB,RT,REP1,T0,3,SM9RTNB
PMXC7.S.M9.NB.RT.REP2.T0,464,138,1093,253,628,119,216,53,39,13,337,9117,1830,334,461,1315,564,26,8,60,319,6,45,285,73,45,PMXC7,S,M9,NB,RT,REP2,T0,3,SM9RTNB
PMXC7.S.M9.NB.RT.REP3.T0,221,103,580,194,178,37,50,27,34,0,106,13465,1716,179,148,384,242,0,8,17,81,0,0,30,21,20,PMXC7,S,M9,NB,RT,REP3,T0,3,SM9RTNB
PMXC7.S.M9.NB.VT.REP1.T0,297,95,1752,296,248,46,87,37,56,11,136,9654,1289,613,514,1430,572,23,18,36,207,174,7,129,48,66,PMXC7,S,M9,NB,VT,REP1,T0,3,SM9VTNB
PMXC7.S.M9.NB.VT.REP2.T0,340,57,1547,363,267,92,118,56,56,6,147,9759,1274,636,478,1321,657,24,9,57,218,81,47,140,39,52,PMXC7,S,M9,NB,VT,REP2,T0,3,SM9VTNB
PMXC7.S.M9.NB.VT.REP3.T0,329,91,1702,320,212,45,68,34,32,5,136,10245,1321,593,359,1196,596,28,10,42,170,73,26,124,43,41,PMXC7,S,M9,NB,VT,REP3,T0,3,SM9VTNB
PMXC7.NS.CR.B.RT.REP1.T11,0,599,5396,1,0,0,0,0,0,0,0,1964,540,2931,20,2834,3378,0,0,175,0,3,0,0,0,0,PMXC7,NS,CR,B,RT,REP1,T11,36,NSCRRTB
PMXC7.NS.CR.B.RT.REP2.T11,0,117,5968,0,0,0,0,0,0,0,0,1882,461,2504,70,3141,3497,0,0,201,0,0,0,0,0,0,PMXC7,NS,CR,B,RT,REP2,T11,36,NSCRRTB
PMXC7.NS.CR.B.RT.REP3.T11,0,409,5721,1,0,0,0,0,0,0,0,1613,380,2913,17,3104,3530,0,0,146,0,7,0,0,0,0,PMXC7,NS,CR,B,RT,REP3,T11,36,NSCRRTB
PMXC7.NS.CR.B.VT.REP1.T11,0,0,181,0,0,0,0,0,0,0,0,1427,485,3652,267,10421,1331,0,0,73,0,4,0,0,0,0,PMXC7,NS,CR,B,VT,REP1,T11,36,NSCRVTB
PMXC7.NS.CR.B.VT.REP2.T11,0,36,66,0,0,0,0,0,0,0,0,1476,686,2326,404,10997,1757,0,0,92,1,0,0,0,0,0,PMXC7,NS,CR,B,VT,REP2,T11,36,NSCRVTB
PMXC7.NS.CR.B.VT.REP3.T11,0,7,787,0,0,0,0,0,0,0,0,1229,231,2415,478,9875,2691,0,0,127,0,1,0,0,0,0,PMXC7,NS,CR,B,VT,REP3,T11,36,NSCRVTB
PMXC7.NS.CR.NB.RT.REP1.T11,0,8,6679,0,0,0,0,0,0,0,0,1268,525,2159,32,2424,4549,0,0,197,0,0,0,0,0,0,PMXC7,NS,CR,NB,RT,REP1,T11,36,NSCRRTNB
PMXC7.NS.CR.NB.RT.REP2.T11,0,7,6996,0,0,0,0,0,0,29,0,1356,646,1870,10,2400,4392,0,0,126,0,9,0,0,0,0,PMXC7,NS,CR,NB,RT,REP2,T11,36,NSCRRTNB
PMXC7.NS.CR.NB.RT.REP3.T11,0,6,6829,0,0,0,0,0,0,36,0,919,349,2018,6,2170,5344,0,1,160,0,3,0,0,0,0,PMXC7,NS,CR,NB,RT,REP3,T11,36,NSCRRTNB
PMXC7.NS.CR.NB.VT.REP1.T11,0,0,3735,0,0,0,0,0,0,0,0,1783,410,2580,82,5383,3623,0,0,245,0,0,0,0,0,0,PMXC7,NS,CR,NB,VT,REP1,T11,36,NSCRVTNB
PMXC7.NS.CR.NB.VT.REP2.T11,0,0,2273,0,0,0,0,0,0,0,0,2670,648,2721,255,6034,2835,0,0,403,0,0,0,0,2,0,PMXC7,NS,CR,NB,VT,REP2,T11,36,NSCRVTNB
PMXC7.NS.CR.NB.VT.REP3.T11,0,0,3106,0,0,0,0,0,0,4,0,1878,517,2548,19,5243,4288,0,0,237,0,1,0,0,0,0,PMXC7,NS,CR,NB,VT,REP3,T11,36,NSCRVTNB
PMXC7.NS.M9.B.RT.REP1.T11,0,0,9304,0,4,0,0,0,0,0,0,8294,150,2,1,4,0,0,0,0,1,79,0,0,2,0,PMXC7,NS,M9,B,RT,REP1,T11,36,NSM9RTB
PMXC7.NS.M9.B.RT.REP2.T11,0,0,9088,0,0,0,0,0,0,0,0,8542,127,2,0,0,1,0,0,0,0,75,0,0,6,0,PMXC7,NS,M9,B,RT,REP2,T11,36,NSM9RTB
PMXC7.NS.M9.B.RT.REP3.T11,0,0,8935,0,0,0,3,0,0,0,0,8446,285,1,0,10,1,0,0,0,0,159,0,1,0,0,PMXC7,NS,M9,B,RT,REP3,T11,36,NSM9RTB
PMXC7.NS.M9.B.VT.REP1.T11,2,0,11284,0,0,0,0,0,0,0,0,4999,412,1,210,801,5,0,0,0,0,127,0,0,0,0,PMXC7,NS,M9,B,VT,REP1,T11,36,NSM9VTB
PMXC7.NS.M9.B.VT.REP2.T11,0,0,10135,0,1,0,1,0,0,0,0,6133,740,1,42,688,1,0,0,1,0,97,0,0,0,1,PMXC7,NS,M9,B,VT,REP2,T11,36,NSM9VTB
PMXC7.NS.M9.B.VT.REP3.T11,0,0,10911,0,0,0,0,0,0,0,0,5485,417,0,153,863,2,0,0,0,0,10,0,0,0,0,PMXC7,NS,M9,B,VT,REP3,T11,36,NSM9VTB
PMXC7.NS.M9.NB.RT.REP1.T11,1,1,10367,3,0,0,2,0,0,0,1,6922,289,3,6,7,2,0,0,0,1,234,0,2,0,0,PMXC7,NS,M9,NB,RT,REP1,T11,36,NSM9RTNB
PMXC7.NS.M9.NB.RT.REP2.T11,0,0,10611,0,0,0,0,0,0,0,0,6610,337,1,2,6,2,0,0,0,0,269,0,1,1,1,PMXC7,NS,M9,NB,RT,REP2,T11,36,NSM9RTNB
PMXC7.NS.M9.NB.RT.REP3.T11,3,0,11251,0,2,0,0,0,0,0,1,5954,360,3,2,6,4,0,0,0,1,253,0,0,1,0,PMXC7,NS,M9,NB,RT,REP3,T11,36,NSM9RTNB
PMXC7.NS.M9.NB.VT.REP1.T11,0,0,10827,0,0,0,0,0,0,0,1,4334,1029,0,247,1261,8,0,0,1,0,132,0,0,1,0,PMXC7,NS,M9,NB,VT,REP1,T11,36,NSM9VTNB
PMXC7.NS.M9.NB.VT.REP2.T11,1,0,11213,0,0,0,0,0,0,0,0,3521,1717,1,117,1183,1,0,0,0,0,87,0,0,0,0,PMXC7,NS,M9,NB,VT,REP2,T11,36,NSM9VTNB
PMXC7.NS.M9.NB.VT.REP3.T11,0,0,11981,0,0,1,0,0,0,0,0,4891,821,1,0,41,2,0,0,0,0,103,0,0,0,0,PMXC7,NS,M9,NB,VT,REP3,T11,36,NSM9VTNB
PMXC7.S.CR.B.RT.REP1.T11,0,0,45,0,304,213,362,0,0,0,0,912,103,2529,1594,8336,68,0,0,53,0,1,10,0,3291,20,PMXC7,S,CR,B,RT,REP1,T11,36,SCRRTB
PMXC7.S.CR.B.RT.REP2.T11,0,3,73,2,61,162,213,0,0,0,0,1395,180,3067,1807,7453,132,0,0,159,0,1,54,0,3071,8,PMXC7,S,CR,B,RT,REP2,T11,36,SCRRTB
PMXC7.S.CR.B.RT.REP3.T11,0,0,101,2,259,238,323,0,0,0,0,1379,178,4261,1947,7972,150,0,0,96,0,4,112,0,812,7,PMXC7,S,CR,B,RT,REP3,T11,36,SCRRTB
PMXC7.S.CR.B.VT.REP1.T11,5,0,27,0,940,161,59,0,0,0,0,767,129,4479,1691,6524,80,0,0,109,0,3,219,0,2593,55,PMXC7,S,CR,B,VT,REP1,T11,36,SCRVTB
PMXC7.S.CR.B.VT.REP2.T11,0,0,35,1,1537,424,122,0,0,0,0,1149,260,3903,772,7356,96,0,0,64,4,7,107,0,1951,53,PMXC7,S,CR,B,VT,REP2,T11,36,SCRVTB
PMXC7.S.CR.B.VT.REP3.T11,0,0,64,0,1381,303,180,0,0,0,0,1075,173,3676,1023,7412,112,0,0,212,0,4,6,0,2189,31,PMXC7,S,CR,B,VT,REP3,T11,36,SCRVTB
PMXC7.S.CR.NB.RT.REP1.T11,0,3,4687,2,368,212,1947,0,0,3,0,713,300,2741,76,4787,1792,0,0,192,0,10,0,0,8,0,PMXC7,S,CR,NB,RT,REP1,T11,36,SCRRTNB
PMXC7.S.CR.NB.RT.REP2.T11,0,19,4931,0,477,275,1484,0,0,9,0,1032,343,2583,51,4200,2114,0,0,226,0,51,46,0,0,0,PMXC7,S,CR,NB,RT,REP2,T11,36,SCRRTNB
PMXC7.S.CR.NB.RT.REP3.T11,0,0,4357,0,1298,336,1592,0,0,0,0,820,360,2547,31,4097,2152,0,0,193,0,0,58,0,0,0,PMXC7,S,CR,NB,RT,REP3,T11,36,SCRRTNB
PMXC7.S.CR.NB.VT.REP1.T11,0,0,4689,0,3245,216,759,0,0,15,0,1024,308,3108,42,2474,1700,0,0,254,2,0,5,0,0,0,PMXC7,S,CR,NB,VT,REP1,T11,36,SCRVTNB
PMXC7.S.CR.NB.VT.REP2.T11,0,0,4523,0,1899,245,2068,0,0,3,0,1012,292,2534,17,2112,2842,0,0,283,0,7,4,0,0,0,PMXC7,S,CR,NB,VT,REP2,T11,36,SCRVTNB
PMXC7.S.CR.NB.VT.REP3.T11,0,0,4853,1,2022,277,1675,0,0,2,0,680,195,2626,9,2646,2677,0,0,160,0,6,11,0,0,1,PMXC7,S,CR,NB,VT,REP3,T11,36,SCRVTNB
PMXC7.S.M9.B.RT.REP1.T11,5,1,12092,2,5,0,6,0,0,0,3,4729,491,2,2,70,3,0,0,2,0,426,0,0,1,1,PMXC7,S,M9,B,RT,REP1,T11,36,SM9RTB
PMXC7.S.M9.B.RT.REP2.T11,3,0,12087,3,3,2,3,0,0,0,1,5116,191,1,5,69,2,0,0,0,0,354,0,0,1,0,PMXC7,S,M9,B,RT,REP2,T11,36,SM9RTB
PMXC7.S.M9.B.RT.REP3.T11,2,0,11066,0,3,0,5,0,0,0,0,6188,309,2,5,25,2,0,0,2,1,230,0,0,1,0,PMXC7,S,M9,B,RT,REP3,T11,36,SM9RTB
PMXC7.S.M9.B.VT.REP1.T11,2,1,10408,1,1,1,1,0,0,2,0,6851,167,1,6,12,4,0,1,0,1,376,0,2,3,0,PMXC7,S,M9,B,VT,REP1,T11,36,SM9VTB
PMXC7.S.M9.B.VT.REP2.T11,5,0,11221,1,3,0,0,0,0,0,1,6066,261,4,2,9,5,0,0,0,2,259,0,0,1,1,PMXC7,S,M9,B,VT,REP2,T11,36,SM9VTB
PMXC7.S.M9.B.VT.REP3.T11,3,2,12014,0,3,0,1,0,0,0,0,5134,172,1,6,261,1,0,0,0,0,242,0,1,0,0,PMXC7,S,M9,B,VT,REP3,T11,36,SM9VTB
PMXC7.S.M9.NB.RT.REP1.T11,0,0,1,284,0,0,0,0,0,0,0,16200,439,0,1,52,841,0,0,0,0,19,1,0,3,0,PMXC7,S,M9,NB,RT,REP1,T11,36,SM9RTNB
PMXC7.S.M9.NB.RT.REP2.T11,0,0,2,225,0,0,0,0,0,0,0,16689,378,0,0,9,533,0,0,0,0,5,0,0,0,0,PMXC7,S,M9,NB,RT,REP2,T11,36,SM9RTNB
PMXC7.S.M9.NB.RT.REP3.T11,3,1,12007,0,1,0,1,0,0,0,1,3890,1357,1,2,255,5,0,1,0,0,307,0,4,0,5,PMXC7,S,M9,NB,RT,REP3,T11,36,SM9RTNB
PMXC7.S.M9.NB.VT.REP1.T11,2,3,11899,1,2,0,3,0,0,0,0,3323,1838,6,6,434,6,0,0,1,1,314,1,0,1,0,PMXC7,S,M9,NB,VT,REP1,T11,36,SM9VTNB
PMXC7.S.M9.NB.VT.REP2.T11,0,1,11130,2,0,0,0,0,0,0,0,5628,845,0,1,172,4,0,0,0,0,57,0,0,1,0,PMXC7,S,M9,NB,VT,REP2,T11,36,SM9VTNB
PMXC7.S.M9.NB.VT.REP3.T11,0,0,1,80,0,0,0,0,0,0,0,14458,404,1,0,2574,314,0,0,0,0,8,0,0,1,0,PMXC7,S,M9,NB,VT,REP3,T11,36,SM9VTNB
PMXC7.NS.CR.B.RT.REP1.T12,0,579,5460,0,0,0,0,0,0,0,0,1907,513,2603,21,3353,3127,0,0,277,0,1,0,0,0,0,PMXC7,NS,CR,B,RT,REP1,T12,39,NSCRRTB
PMXC7.NS.CR.B.RT.REP2.T12,0,211,6526,0,0,0,0,0,0,0,0,1429,378,2758,75,3071,3199,0,0,193,0,1,0,0,0,0,PMXC7,NS,CR,B,RT,REP2,T12,39,NSCRRTB
PMXC7.NS.CR.B.RT.REP3.T12,0,353,5700,0,0,0,0,0,0,0,0,1429,383,2832,53,4060,2945,0,0,86,0,0,0,0,0,0,PMXC7,NS,CR,B,RT,REP3,T12,39,NSCRRTB
PMXC7.NS.CR.B.VT.REP1.T12,0,0,39,0,0,0,0,0,0,0,0,1479,435,3801,552,10616,728,0,0,191,0,0,0,0,0,0,PMXC7,NS,CR,B,VT,REP1,T12,39,NSCRVTB
PMXC7.NS.CR.B.VT.REP2.T12,0,21,36,0,0,0,0,0,0,0,0,977,232,3179,1014,11318,856,0,0,206,0,2,0,0,0,0,PMXC7,NS,CR,B,VT,REP2,T12,39,NSCRVTB
PMXC7.NS.CR.B.VT.REP3.T12,0,0,9,0,0,0,0,0,0,0,0,1252,446,2627,2845,10361,129,0,0,172,0,0,0,0,0,0,PMXC7,NS,CR,B,VT,REP3,T12,39,NSCRVTB
PMXC7.NS.CR.NB.RT.REP1.T12,0,14,6341,0,1,0,0,0,0,0,0,1783,735,2155,25,1828,4754,0,0,177,1,27,0,0,0,0,PMXC7,NS,CR,NB,RT,REP1,T12,39,NSCRRTNB
PMXC7.NS.CR.NB.RT.REP2.T12,0,17,7090,0,0,0,0,0,0,34,0,1342,499,1995,5,1967,4710,0,0,179,0,3,0,0,0,0,PMXC7,NS,CR,NB,RT,REP2,T12,39,NSCRRTNB
PMXC7.NS.CR.NB.RT.REP3.T12,0,12,7222,0,0,1,0,0,0,23,0,1414,491,1927,10,1479,5092,0,0,151,1,18,0,0,0,0,PMXC7,NS,CR,NB,RT,REP3,T12,39,NSCRRTNB
PMXC7.NS.CR.NB.VT.REP1.T12,0,0,4175,0,0,0,0,0,0,0,0,1466,306,1825,115,5657,3918,0,0,376,0,3,0,0,0,0,PMXC7,NS,CR,NB,VT,REP1,T12,39,NSCRVTNB
PMXC7.NS.CR.NB.VT.REP2.T12,0,0,4196,0,0,0,0,0,0,0,0,1615,352,1989,143,5784,3478,0,0,276,1,7,0,0,0,0,PMXC7,NS,CR,NB,VT,REP2,T12,39,NSCRVTNB
PMXC7.NS.CR.NB.VT.REP3.T12,2,0,4434,0,0,0,1,0,0,4,0,876,246,1777,23,5903,4331,0,0,238,0,5,0,0,0,1,PMXC7,NS,CR,NB,VT,REP3,T12,39,NSCRVTNB
PMXC7.NS.M9.B.RT.REP1.T12,0,0,9930,0,0,0,1,0,0,0,0,7666,213,0,0,0,0,0,0,0,0,31,0,0,0,0,PMXC7,NS,M9,B,RT,REP1,T12,39,NSM9RTB
PMXC7.NS.M9.B.RT.REP2.T12,2,0,9623,1,0,1,0,0,0,0,2,7819,203,2,3,5,3,0,0,0,0,174,0,0,3,0,PMXC7,NS,M9,B,RT,REP2,T12,39,NSM9RTB
PMXC7.NS.M9.B.RT.REP3.T12,1,0,8874,1,1,0,0,0,0,0,2,8395,417,0,0,4,0,0,0,0,0,144,0,0,2,0,PMXC7,NS,M9,B,RT,REP3,T12,39,NSM9RTB
PMXC7.NS.M9.B.VT.REP1.T12,0,0,11430,0,0,0,0,0,0,0,0,5014,441,0,230,653,1,0,0,0,0,72,0,0,0,0,PMXC7,NS,M9,B,VT,REP1,T12,39,NSM9VTB
PMXC7.NS.M9.B.VT.REP2.T12,0,0,11698,0,1,0,0,0,0,0,0,5287,422,1,141,241,0,0,0,0,0,50,0,0,0,0,PMXC7,NS,M9,B,VT,REP2,T12,39,NSM9VTB
PMXC7.NS.M9.B.VT.REP3.T12,0,0,11677,0,0,0,0,0,0,0,0,5097,369,1,203,420,0,0,0,0,0,74,0,0,0,0,PMXC7,NS,M9,B,VT,REP3,T12,39,NSM9VTB
PMXC7.NS.M9.NB.RT.REP1.T12,0,0,10265,0,0,0,0,0,0,0,1,7056,462,0,0,2,0,0,0,0,0,54,0,0,1,0,PMXC7,NS,M9,NB,RT,REP1,T12,39,NSM9RTNB
PMXC7.NS.M9.NB.RT.REP2.T12,0,0,10309,0,0,0,0,0,0,0,0,7001,406,0,0,2,1,0,0,0,0,121,0,0,0,1,PMXC7,NS,M9,NB,RT,REP2,T12,39,NSM9RTNB
PMXC7.NS.M9.NB.RT.REP3.T12,1,5,11089,1,1,0,0,0,0,3,0,6117,502,3,0,3,0,0,0,0,2,114,0,0,0,0,PMXC7,NS,M9,NB,RT,REP3,T12,39,NSM9RTNB
PMXC7.NS.M9.NB.VT.REP1.T12,0,0,10759,1,2,0,0,0,0,0,0,5199,863,0,158,847,2,0,0,0,0,10,0,0,0,0,PMXC7,NS,M9,NB,VT,REP1,T12,39,NSM9VTNB
PMXC7.NS.M9.NB.VT.REP2.T12,0,0,10993,1,0,0,2,0,0,0,0,3844,2217,0,110,646,3,0,0,1,0,20,1,3,0,0,PMXC7,NS,M9,NB,VT,REP2,T12,39,NSM9VTNB
PMXC7.NS.M9.NB.VT.REP3.T12,0,0,10673,0,0,0,0,0,0,0,0,5820,1282,0,2,54,1,0,0,0,0,9,0,0,0,0,PMXC7,NS,M9,NB,VT,REP3,T12,39,NSM9VTNB
PMXC7.S.CR.B.RT.REP1.T12,0,0,77,2,178,89,442,0,0,0,0,2903,289,1697,1999,6805,9,0,0,83,0,0,5,0,3248,15,PMXC7,S,CR,B,RT,REP1,T12,39,SCRRTB
PMXC7.S.CR.B.RT.REP2.T12,0,0,97,1,72,105,391,0,0,0,0,2678,200,2264,1633,7186,24,0,0,76,0,0,36,0,3075,3,PMXC7,S,CR,B,RT,REP2,T12,39,SCRRTB
PMXC7.S.CR.B.RT.REP3.T12,0,0,137,0,177,72,231,0,0,0,1,1874,283,2345,2410,9684,62,0,0,93,0,3,68,0,393,8,PMXC7,S,CR,B,RT,REP3,T12,39,SCRRTB
PMXC7.S.CR.B.VT.REP1.T12,15,0,23,0,484,52,40,0,0,0,0,1124,132,2163,3820,4474,5,0,0,574,0,3,30,0,4844,58,PMXC7,S,CR,B,VT,REP1,T12,39,SCRVTB
PMXC7.S.CR.B.VT.REP2.T12,0,0,17,0,235,51,48,0,0,0,0,2098,208,3465,2903,3490,10,0,0,424,5,27,4,1,4793,62,PMXC7,S,CR,B,VT,REP2,T12,39,SCRVTB
PMXC7.S.CR.B.VT.REP3.T12,0,0,27,0,312,54,53,0,0,0,0,1858,361,2847,3191,5559,6,0,0,557,10,0,0,0,2972,34,PMXC7,S,CR,B,VT,REP3,T12,39,SCRVTB
PMXC7.S.CR.NB.RT.REP1.T12,0,2,3439,0,339,290,1709,0,0,8,0,1013,330,2511,86,5822,1817,0,0,474,0,1,0,0,0,0,PMXC7,S,CR,NB,RT,REP1,T12,39,SCRRTNB
PMXC7.S.CR.NB.RT.REP2.T12,0,0,3316,0,279,248,1670,0,0,4,0,736,299,2838,60,6437,1680,0,0,209,0,12,53,0,0,0,PMXC7,S,CR,NB,RT,REP2,T12,39,SCRRTNB
PMXC7.S.CR.NB.RT.REP3.T12,1,2,4026,0,1299,258,978,0,0,6,0,989,401,2779,60,4424,2309,0,0,247,0,2,53,0,7,0,PMXC7,S,CR,NB,RT,REP3,T12,39,SCRRTNB
PMXC7.S.CR.NB.VT.REP1.T12,0,0,4789,0,2840,259,791,0,0,40,0,924,252,2582,22,2853,2240,0,0,234,0,4,9,0,2,0,PMXC7,S,CR,NB,VT,REP1,T12,39,SCRVTNB
PMXC7.S.CR.NB.VT.REP2.T12,0,0,4864,0,2318,199,1950,0,0,13,0,392,127,1996,21,3120,2659,0,0,178,0,0,4,0,0,0,PMXC7,S,CR,NB,VT,REP2,T12,39,SCRVTNB
PMXC7.S.CR.NB.VT.REP3.T12,0,0,4768,0,2424,197,1454,0,0,2,0,594,162,2340,11,3645,1978,0,0,253,0,2,11,0,0,0,PMXC7,S,CR,NB,VT,REP3,T12,39,SCRVTNB
PMXC7.S.M9.B.RT.REP1.T12,1,0,12646,0,0,0,1,1,0,0,1,4368,541,0,1,60,2,0,0,0,0,216,0,0,1,2,PMXC7,S,M9,B,RT,REP1,T12,39,SM9RTB
PMXC7.S.M9.B.RT.REP2.T12,0,1,12810,3,2,0,1,0,0,2,1,4534,200,7,9,25,4,0,0,0,0,240,0,0,2,0,PMXC7,S,M9,B,RT,REP2,T12,39,SM9RTB
PMXC7.S.M9.B.RT.REP3.T12,0,0,11690,1,3,0,0,0,0,0,0,5599,282,8,2,37,0,0,0,0,0,216,0,1,2,0,PMXC7,S,M9,B,RT,REP3,T12,39,SM9RTB
PMXC7.S.M9.B.VT.REP1.T12,0,0,11706,0,3,0,0,0,0,0,0,5761,171,1,3,3,1,0,0,0,0,187,0,1,4,0,PMXC7,S,M9,B,VT,REP1,T12,39,SM9VTB
PMXC7.S.M9.B.VT.REP2.T12,0,0,10865,2,1,0,0,0,0,0,3,6607,212,0,1,0,3,0,0,0,0,146,0,1,0,0,PMXC7,S,M9,B,VT,REP2,T12,39,SM9VTB
PMXC7.S.M9.B.VT.REP3.T12,3,0,12131,1,0,0,0,0,0,0,0,5235,171,2,1,165,1,0,0,0,0,131,0,0,0,0,PMXC7,S,M9,B,VT,REP3,T12,39,SM9VTB
PMXC7.S.M9.NB.RT.REP1.T12,0,0,3,167,1,0,0,0,0,0,0,16696,418,2,7,12,452,0,0,0,0,82,0,0,1,0,PMXC7,S,M9,NB,RT,REP1,T12,39,SM9RTNB
PMXC7.S.M9.NB.RT.REP2.T12,0,0,4,233,0,0,0,0,0,0,0,16688,410,0,0,4,494,0,0,0,1,7,0,0,0,0,PMXC7,S,M9,NB,RT,REP2,T12,39,SM9RTNB
PMXC7.S.M9.NB.RT.REP3.T12,0,0,12317,2,2,0,2,0,0,0,0,3802,1444,1,1,84,2,0,0,0,1,179,0,3,0,1,PMXC7,S,M9,NB,RT,REP3,T12,39,SM9RTNB
PMXC7.S.M9.NB.VT.REP1.T12,2,0,10595,0,3,0,0,0,0,0,2,4046,2554,1,2,530,3,0,0,0,0,103,0,0,0,0,PMXC7,S,M9,NB,VT,REP1,T12,39,SM9VTNB
PMXC7.S.M9.NB.VT.REP2.T12,2,0,11630,0,0,0,0,0,0,0,0,5284,828,0,0,37,0,0,0,0,0,60,0,0,0,0,PMXC7,S,M9,NB,VT,REP2,T12,39,SM9VTNB
PMXC7.S.M9.NB.VT.REP3.T12,0,0,0,110,0,0,0,0,0,0,0,14578,479,0,0,2246,418,0,0,0,0,6,0,0,4,0,PMXC7,S,M9,NB,VT,REP3,T12,39,SM9VTNB
PMXC7.NS.CR.B.RT.REP1.T7,0,137,5558,2,0,0,0,0,0,0,0,2373,563,2790,0,3218,3067,0,0,130,0,3,0,0,0,0,PMXC7,NS,CR,B,RT,REP1,T7,24,NSCRRTB
PMXC7.NS.CR.B.RT.REP2.T7,0,5,6485,0,0,0,0,0,0,0,0,1888,278,2121,27,3249,3710,0,0,78,0,0,0,0,0,0,PMXC7,NS,CR,B,RT,REP2,T7,24,NSCRRTB
PMXC7.NS.CR.B.RT.REP3.T7,0,117,5713,1,0,0,0,0,0,0,0,1944,336,2723,7,3260,3656,0,0,84,0,0,0,0,0,0,PMXC7,NS,CR,B,RT,REP3,T7,24,NSCRRTB
PMXC7.NS.CR.B.VT.REP1.T7,0,0,68,0,0,0,0,0,0,0,0,4268,449,2134,68,10063,744,0,0,47,0,0,0,0,0,0,PMXC7,NS,CR,B,VT,REP1,T7,24,NSCRVTB
PMXC7.NS.CR.B.VT.REP2.T7,0,2,137,0,0,0,0,0,0,0,1,3558,396,2057,202,10562,860,0,0,66,0,0,0,0,0,0,PMXC7,NS,CR,B,VT,REP2,T7,24,NSCRVTB
PMXC7.NS.CR.B.VT.REP3.T7,0,0,2262,0,0,0,0,0,0,0,0,3579,460,2224,95,6760,2204,0,0,249,0,8,0,0,0,0,PMXC7,NS,CR,B,VT,REP3,T7,24,NSCRVTB
PMXC7.NS.CR.NB.RT.REP1.T7,0,8,6520,0,0,0,0,0,0,0,0,2006,444,1737,5,3209,3793,0,0,119,0,0,0,0,0,0,PMXC7,NS,CR,NB,RT,REP1,T7,24,NSCRRTNB
PMXC7.NS.CR.NB.RT.REP2.T7,0,5,6954,0,0,0,0,0,0,1,0,1913,300,1718,22,2841,3956,0,0,129,0,2,0,0,0,0,PMXC7,NS,CR,NB,RT,REP2,T7,24,NSCRRTNB
PMXC7.NS.CR.NB.RT.REP3.T7,3,7,7586,2,1,0,5,0,0,0,2,1831,312,1493,12,1928,4519,0,0,95,2,43,0,0,0,0,PMXC7,NS,CR,NB,RT,REP3,T7,24,NSCRRTNB
PMXC7.NS.CR.NB.VT.REP1.T7,0,0,3415,0,0,0,0,0,0,0,0,5654,768,2952,65,2708,1940,0,0,339,0,0,0,0,0,0,PMXC7,NS,CR,NB,VT,REP1,T7,24,NSCRVTNB
PMXC7.NS.CR.NB.VT.REP2.T7,0,0,1682,0,0,0,0,0,0,0,0,4262,1015,2745,412,5878,1277,0,0,570,0,0,0,0,0,0,PMXC7,NS,CR,NB,VT,REP2,T7,24,NSCRVTNB
PMXC7.NS.CR.NB.VT.REP3.T7,0,0,1705,0,0,0,0,0,0,10,0,4020,1009,2737,44,6072,1599,0,0,642,1,0,0,0,2,0,PMXC7,NS,CR,NB,VT,REP3,T7,24,NSCRVTNB
PMXC7.NS.M9.B.RT.REP1.T7,0,0,9853,0,0,0,0,0,1,0,0,7669,232,0,0,11,3,0,0,0,0,72,0,0,0,0,PMXC7,NS,M9,B,RT,REP1,T7,24,NSM9RTB
PMXC7.NS.M9.B.RT.REP2.T7,0,0,9340,0,0,0,0,0,0,0,0,8106,270,0,0,15,1,0,0,0,0,109,0,0,0,0,PMXC7,NS,M9,B,RT,REP2,T7,24,NSM9RTB
PMXC7.NS.M9.B.RT.REP3.T7,0,0,10437,0,0,0,0,0,1,0,1,7224,149,0,0,13,0,0,0,0,0,16,0,0,0,0,PMXC7,NS,M9,B,RT,REP3,T7,24,NSM9RTB
PMXC7.NS.M9.B.VT.REP1.T7,1,0,12273,2,0,0,0,0,0,0,1,4446,645,0,249,165,5,0,0,0,0,54,0,0,0,0,PMXC7,NS,M9,B,VT,REP1,T7,24,NSM9VTB
PMXC7.NS.M9.B.VT.REP2.T7,0,0,13800,0,0,0,0,0,0,0,3,3463,409,1,0,119,19,0,0,0,0,27,0,0,0,0,PMXC7,NS,M9,B,VT,REP2,T7,24,NSM9VTB
PMXC7.NS.M9.B.VT.REP3.T7,0,0,11481,0,5,0,0,0,0,0,0,5030,1020,0,53,184,23,0,0,0,0,45,0,0,0,0,PMXC7,NS,M9,B,VT,REP3,T7,24,NSM9VTB
PMXC7.NS.M9.NB.RT.REP1.T7,0,0,9996,0,0,0,0,0,0,0,0,7243,406,1,0,11,3,2,0,0,0,178,0,0,1,0,PMXC7,NS,M9,NB,RT,REP1,T7,24,NSM9RTNB
PMXC7.NS.M9.NB.RT.REP2.T7,0,0,10596,0,0,0,0,0,0,0,0,6967,211,3,1,4,0,0,0,0,0,59,0,0,0,0,PMXC7,NS,M9,NB,RT,REP2,T7,24,NSM9RTNB
PMXC7.NS.M9.NB.RT.REP3.T7,1,0,10676,0,2,0,0,0,0,0,0,6519,498,1,1,30,0,0,0,0,3,110,0,0,0,0,PMXC7,NS,M9,NB,RT,REP3,T7,24,NSM9RTNB
PMXC7.NS.M9.NB.VT.REP1.T7,6,0,10273,1,5,1,0,0,1,0,0,4734,1037,3,340,1132,19,0,0,1,0,284,0,3,1,0,PMXC7,NS,M9,NB,VT,REP1,T7,24,NSM9VTNB
PMXC7.NS.M9.NB.VT.REP2.T7,2,2,11479,0,5,0,1,0,0,0,0,3639,1562,7,53,746,7,0,0,0,2,330,0,3,3,0,PMXC7,NS,M9,NB,VT,REP2,T7,24,NSM9VTNB
PMXC7.NS.M9.NB.VT.REP3.T7,0,0,10316,0,0,0,0,0,0,0,0,6306,1028,0,16,61,18,0,0,0,0,96,0,0,0,0,PMXC7,NS,M9,NB,VT,REP3,T7,24,NSM9VTNB
PMXC7.S.CR.B.RT.REP1.T7,0,0,529,0,892,334,1164,0,0,2,0,1285,288,2346,1099,6349,40,0,0,544,0,0,3,0,2896,70,PMXC7,S,CR,B,RT,REP1,T7,24,SCRRTB
PMXC7.S.CR.B.RT.REP2.T7,0,0,289,4,412,348,1514,0,0,3,0,1743,379,2287,1383,8434,6,0,0,475,0,5,23,0,465,71,PMXC7,S,CR,B,RT,REP2,T7,24,SCRRTB
PMXC7.S.CR.B.RT.REP3.T7,0,0,241,0,480,274,1591,0,0,3,0,1614,295,2752,710,9205,49,0,0,383,0,0,16,0,205,23,PMXC7,S,CR,B,RT,REP3,T7,24,SCRRTB
PMXC7.S.CR.B.VT.REP1.T7,5,0,112,8,1070,343,164,0,0,0,0,991,254,1421,377,11959,45,0,0,260,0,18,133,0,615,66,PMXC7,S,CR,B,VT,REP1,T7,24,SCRVTB
PMXC7.S.CR.B.VT.REP2.T7,0,0,255,6,1462,407,304,0,0,0,0,1443,411,3880,164,7442,94,0,0,154,0,0,53,0,1617,149,PMXC7,S,CR,B,VT,REP2,T7,24,SCRVTB
PMXC7.S.CR.B.VT.REP3.T7,0,0,231,0,1522,266,433,0,0,0,0,1522,247,3001,577,8937,51,0,0,138,0,2,168,0,580,166,PMXC7,S,CR,B,VT,REP3,T7,24,SCRVTB
PMXC7.S.CR.NB.RT.REP1.T7,0,0,1751,0,139,128,4546,0,0,1,0,2495,739,2848,53,3624,547,0,0,970,0,0,0,0,0,0,PMXC7,S,CR,NB,RT,REP1,T7,24,SCRRTNB
PMXC7.S.CR.NB.RT.REP2.T7,0,0,1039,0,127,126,4068,0,0,0,0,2764,817,3297,39,3924,332,0,0,1308,0,0,0,0,0,0,PMXC7,S,CR,NB,RT,REP2,T7,24,SCRRTNB
PMXC7.S.CR.NB.RT.REP3.T7,0,0,1118,0,106,118,3798,0,0,0,0,2472,792,3204,34,4746,247,0,0,1184,0,0,22,0,0,0,PMXC7,S,CR,NB,RT,REP3,T7,24,SCRRTNB
PMXC7.S.CR.NB.VT.REP1.T7,0,0,2793,0,2402,102,822,0,0,3,0,3474,901,2802,59,2392,734,0,0,1340,0,0,17,0,0,0,PMXC7,S,CR,NB,VT,REP1,T7,24,SCRVTNB
PMXC7.S.CR.NB.VT.REP2.T7,0,0,1843,0,1145,94,2331,0,0,4,0,3761,1006,3643,22,1920,543,0,0,1508,0,0,21,0,0,0,PMXC7,S,CR,NB,VT,REP2,T7,24,SCRVTNB
PMXC7.S.CR.NB.VT.REP3.T7,0,0,1347,0,843,101,2776,0,0,0,0,3265,782,4208,8,2690,565,0,0,1199,0,1,56,0,0,0,PMXC7,S,CR,NB,VT,REP3,T7,24,SCRVTNB
PMXC7.S.M9.B.RT.REP1.T7,2,1,12002,2,2,0,1,0,0,0,0,5287,212,1,3,85,4,0,0,0,0,236,0,0,3,0,PMXC7,S,M9,B,RT,REP1,T7,24,SM9RTB
PMXC7.S.M9.B.RT.REP2.T7,0,0,11867,1,2,0,0,0,0,0,0,5510,165,1,4,46,2,0,0,0,0,243,0,0,0,0,PMXC7,S,M9,B,RT,REP2,T7,24,SM9RTB
PMXC7.S.M9.B.RT.REP3.T7,3,2,11399,2,8,0,1,0,0,0,0,5900,233,4,12,30,2,0,0,0,0,243,1,0,0,1,PMXC7,S,M9,B,RT,REP3,T7,24,SM9RTB
PMXC7.S.M9.B.VT.REP1.T7,1,0,12340,0,1,1,0,0,0,0,0,5033,56,0,3,287,1,0,0,0,0,118,0,0,0,0,PMXC7,S,M9,B,VT,REP1,T7,24,SM9VTB
PMXC7.S.M9.B.VT.REP2.T7,1,0,13113,2,2,0,0,0,0,0,0,4251,291,0,6,91,3,0,0,0,0,79,0,0,2,0,PMXC7,S,M9,B,VT,REP2,T7,24,SM9VTB
PMXC7.S.M9.B.VT.REP3.T7,0,0,10052,0,0,0,0,0,0,0,0,7520,162,1,6,42,1,0,0,0,0,57,0,0,0,0,PMXC7,S,M9,B,VT,REP3,T7,24,SM9VTB
PMXC7.S.M9.NB.RT.REP1.T7,0,6,0,196,1,0,3,0,0,0,0,16590,390,0,0,218,436,0,0,0,0,1,0,0,0,0,PMXC7,S,M9,NB,RT,REP1,T7,24,SM9RTNB
PMXC7.S.M9.NB.RT.REP2.T7,0,3,0,282,0,0,0,0,0,0,0,16481,420,0,0,149,500,0,0,1,0,5,0,0,0,0,PMXC7,S,M9,NB,RT,REP2,T7,24,SM9RTNB
PMXC7.S.M9.NB.RT.REP3.T7,0,0,13032,0,0,0,0,0,0,0,0,4088,403,0,1,275,1,0,0,0,0,41,0,0,0,0,PMXC7,S,M9,NB,RT,REP3,T7,24,SM9RTNB
PMXC7.S.M9.NB.VT.REP1.T7,0,1,12576,0,1,0,0,0,0,0,0,4053,730,6,5,360,9,0,0,0,1,99,0,0,0,0,PMXC7,S,M9,NB,VT,REP1,T7,24,SM9VTNB
PMXC7.S.M9.NB.VT.REP2.T7,0,0,12189,0,0,0,0,0,0,0,2,4609,638,2,0,277,11,0,0,0,0,112,0,0,0,1,PMXC7,S,M9,NB,VT,REP2,T7,24,SM9VTNB
PMXC7.S.M9.NB.VT.REP3.T7,0,0,2,149,0,0,0,0,0,0,0,14044,142,0,2,2936,561,0,0,0,0,5,0,0,0,0,PMXC7,S,M9,NB,VT,REP3,T7,24,SM9VTNB