Sample,Rep,k,n0,r,t_mid,t_gen,auc_l,auc_e,sigma,Media
S120,1,0.442385576,7.80517938267586e-05,0.606613001,14.24695486,1.142651376,14.96478767,15.10297222,0.026112729,R2A
S120,2,0.446530401,9.47183320806178e-05,0.58463287,14.46744356,1.185611032,15.00650958,15.13734722,0.024236986,R2A
S120,3,0.443347464,0.000127233,0.574902914,14.18640521,1.20567693,15.02407808,15.14334722,0.021816358,R2A
S8,1,0.58583886,0.000503178,0.548333134,12.87355361,1.264098661,20.62129446,20.69713889,0.056326509,R2A
S8,2,0.559515554,0.000207017,0.619817912,12.7483465,1.11830776,19.76532262,19.89222222,0.037836513,R2A
S8,3,0.555167192,8.65469371521456e-05,0.690234254,12.70029956,1.0042202,19.63859348,19.81259722,0.039050577,R2A
S21,1,0.462871691,0.00033268,0.656049394,11.03164475,1.056547246,17.14568465,17.25813889,0.038437504,R2A
S21,2,0.457708591,0.000348173,0.639514768,11.22808828,1.083864229,16.86447626,16.97001389,0.030191307,R2A
S21,3,0.459607311,0.000257815,0.669246993,11.18469344,1.035712058,16.95454159,17.07663889,0.033588158,R2A
S33,1,0.416408954,0.003941341,0.211194215,22.02066362,3.282036776,10.83841389,10.77405556,0.00593338,R2A
S33,2,0.419776027,0.003643214,0.215854211,21.95064027,3.211182114,10.95621556,10.88788889,0.006490723,R2A
S33,3,0.391353917,0.002666702,0.233382553,21.346636,2.970004276,10.45194926,10.40984722,0.004170741,R2A
S263,1,0.490818572,0.034555818,0.152370111,16.93568974,4.549102024,15.07634482,15.00947222,0.035182855,R2A
S263,2,0.442347152,0.049789503,0.130318463,15.84487093,5.318871647,13.90197281,13.76618056,0.034208898,R2A
S263,3,0.438689349,0.052270984,0.128817462,15.52956547,5.380847968,13.89622642,13.76372222,0.037859161,R2A
S9,1,0.355869914,0.001618705,0.384620618,14.00959776,1.802158148,12.11853663,12.09847222,0.009379734,R2A
S9,2,0.360117035,0.000957235,0.427753436,13.85721984,1.620436265,12.32006509,12.32422222,0.007865155,R2A
S9,3,0.351322034,0.001591033,0.384512224,14.02499193,1.802666177,11.95827519,11.94434722,0.008201038,R2A
S22,1,0.416206285,0.000203805,0.956611182,7.966961171,0.724586116,16.69288914,16.75363889,0.047824905,R2A
S22,2,0.420253873,0.000155582,1.00216366,7.884014086,0.691650684,16.89014549,16.95180556,0.053026092,R2A
S22,3,0.414347403,0.000251886,0.951782245,7.780010064,0.728262357,16.6957446,16.76113889,0.050091477,R2A
S34,1,0.495896406,0.021382178,0.405320077,7.647619797,1.710122987,19.99372995,19.93451389,0.019404663,R2A
S34,2,0.490143084,0.020019176,0.428311891,7.369175983,1.618323458,19.90382095,19.85005556,0.021452658,R2A
S34,3,0.503083254,0.018707017,0.436876867,7.44823891,1.586596209,20.39486715,20.34605556,0.022222359,R2A
S391,1,0.414293557,0.000379359,0.452611712,15.45459754,1.531438897,13.51346929,13.56751389,0.01195752,R2A
S391,2,0.425601628,0.000463797,0.440185695,15.49510242,1.574669936,13.86488559,13.90976389,0.010159576,R2A
S391,3,0.429454912,0.000441906,0.446792082,15.3945122,1.551386447,14.03368758,14.07988889,0.010462152,R2A
S10,1,0.420590815,0.000451573,1.417490813,4.822326443,0.488995889,18.19124166,18.19072222,0.019299834,R2A
S10,2,0.421700848,0.000396651,1.431348976,4.868172044,0.484261485,18.21996159,18.22588889,0.020051205,R2A
S10,3,0.419289272,0.000328336,1.480379603,4.830853481,0.468222596,18.13146836,18.14055556,0.020063893,R2A
S27,1,0.594854663,0.000543701,0.363290128,19.25942565,1.907971419,17.13946279,17.15388889,0.023742874,R2A
S27,2,0.596537087,0.00023638,0.413735487,18.93252703,1.67533896,17.38383714,17.43459722,0.018924646,R2A
S27,3,0.606632938,0.000766928,0.341338538,19.54664003,2.030673669,17.30393094,17.29705556,0.017732818,R2A
S491,1,0.449904704,0.001596175,0.758992442,7.428099572,0.913246486,18.28499997,18.29622222,0.017862893,R2A
S491,2,0.440988471,0.001798119,0.735328666,7.477189169,0.942635875,17.90059369,17.90568056,0.012183832,R2A
S491,3,0.420948785,0.001187303,0.827418425,7.091940809,0.837722681,17.25021505,17.26968056,0.016700041,R2A
S11,1,0.427068589,9.29509685548249e-05,1.742204842,4.840079593,0.397856305,18.46410447,18.52318056,0.10452658,R2A
S11,2,0.431068259,9.57160616982665e-05,1.749554319,4.808318012,0.396185002,18.65071884,18.70834722,0.106550959,R2A
S11,3,0.434282043,9.26854846268975e-05,1.755030297,4.815885039,0.39494884,18.78648338,18.84488889,0.107500516,R2A
S28,1,0.697229323,0.009302399,0.12112966,35.52730451,5.722357192,9.809770046,9.740930556,0.010634697,R2A
S28,2,0.313622855,0.00228474,0.214203991,22.94367803,3.235920946,7.877674318,7.911055556,0.007259372,R2A
S28,3,0.284135539,0.002234743,0.210633608,22.96608304,3.290772006,7.130397832,7.165097222,0.005606181,R2A
S2,1,0.643200074,0.001018295,0.747358135,8.626040839,0.927463217,25.37203116,25.42430556,0.011811493,R2A
S2,2,0.620764187,0.000696409,0.802151114,8.46679305,0.864110476,24.58631527,24.65138889,0.018752212,R2A
S2,3,0.781374193,0.002712894,0.614371373,9.211952754,1.128221806,30.36194171,30.36272222,0.022488562,R2A
S14,1,0.517005863,7.8169170470206e-05,1.361773533,6.459798742,0.509003269,21.51510203,21.5315,0.039310666,R2A
S14,2,0.502501454,8.46041958786926e-05,1.355841306,6.40871578,0.511230317,20.93716641,20.96434722,0.040270762,R2A
S14,3,0.502319471,9.85320855959068e-05,1.333692871,6.40058395,0.519720241,20.93365722,20.94906944,0.032123583,R2A
S29,1,0.506517043,0.003152754,0.873426738,5.808200723,0.793595101,21.40509257,21.48830556,0.060567583,R2A
S29,2,0.512782472,0.002420541,0.91348194,5.857947459,0.758796809,21.64536607,21.74409722,0.057341008,R2A
S29,3,0.530014857,0.001647238,0.967074423,5.967164418,0.716746472,22.31592525,22.40080556,0.055438069,R2A
S5,1,0.471263522,0.00033749,1.614362976,4.485311831,0.429362659,20.54188994,20.59018056,0.07188065,R2A
S5,2,0.499215395,0.000521798,1.482884587,4.627781883,0.467431644,21.68902944,21.72793056,0.045519002,R2A
S5,3,0.515115612,0.000639009,1.430360729,4.67783146,0.484596065,22.35396892,22.38926389,0.042057093,R2A
S16,1,0.47773217,3.18201158096424e-05,1.670768144,5.755819745,0.414867367,20.21708208,20.27255556,0.101294044,R2A
S16,2,0.473299808,4.19775064768834e-05,1.604371285,5.815525238,0.432036641,20.00124367,20.05434722,0.11346619,R2A
S16,3,0.514175027,4.64048468034177e-05,1.48174764,6.285027618,0.467790305,21.48718603,21.53697222,0.124734112,R2A
S30,1,0.541588568,0.00385526,0.795548749,6.206941305,0.871281844,22.67024813,22.67188889,0.011753305,R2A
S30,2,0.553262963,0.004043447,0.783891065,6.265412368,0.884239165,23.12636555,23.12572222,0.011949371,R2A
S30,3,0.548556904,0.003159149,0.826021609,6.236171974,0.839139282,22.94698998,22.95326389,0.013250215,R2A
S6,1,0.421931737,0.000301529,0.674425877,10.73953203,1.027758875,15.7524544,15.80833333,0.049239057,R2A
S6,2,0.424309782,0.000218981,0.730233236,10.36479612,0.949213411,16.00039057,16.04115278,0.045118948,R2A
S6,3,0.420529749,0.000192152,0.739857631,10.39460495,0.936865624,15.84535049,15.88554167,0.041601952,R2A
S17,1,0.534167875,0.001744647,0.685925573,8.340389742,1.010528267,21.2222563,21.23772222,0.036627348,R2A
S17,2,0.536298718,0.001412312,0.701175937,8.46695683,0.988549584,21.23957696,21.25343056,0.043726646,R2A
S17,3,0.540205502,0.002642814,0.627583961,8.469306928,1.10446924,21.39084181,21.40147222,0.037761302,R2A
S31,1,0.685976344,0.005842787,0.638041115,7.455759646,1.086367577,27.85445084,27.81076389,0.053175214,R2A
S31,2,0.631598809,0.001754065,0.849864665,6.922910822,0.815597129,25.98936825,26.01576389,0.124727392,R2A
S31,3,0.669771264,0.002815617,0.801450423,6.822059182,0.864865949,27.6263277,27.65005556,0.124048336,R2A
S7,2,0.441981791,4.72717860164342e-05,1.200150972,7.61821103,0.577549989,17.88100187,17.94597222,0.074773261,R2A
S7,3,0.551587677,1.88684116613701e-05,1.306163159,7.872701523,0.53067427,22.17492476,22.27234722,0.097453269,R2A
S19,1,0.51789424,0.000268021,0.918582238,8.23654378,0.754583696,20.63167128,20.71568056,0.027726237,R2A
S19,2,0.523643551,0.000272317,0.921059107,8.209112433,0.752554505,20.87507372,20.95893056,0.030930275,R2A
S19,3,0.524288118,0.000250547,0.915346109,8.352767615,0.757251463,20.82547504,20.90572222,0.031871324,R2A
S32,1,0.482913535,2.45064720750621e-05,1.096860627,9.015370468,0.631937334,18.86226728,18.89320833,0.022535181,R2A
S32,2,0.48518733,3.632636835206e-05,1.05857858,8.973988113,0.654790484,18.97114646,19.00388889,0.021308723,R2A
S32,3,0.479138523,3.87749441387783e-05,1.052524062,8.951709678,0.658557088,18.74530559,18.78843056,0.021258929,R2A
S120,1,0.727457041,0.001507108,0.156467863,39.47959835,4.429965146,41.22215515,41.77327778,0.098978388,M9
S120,2,1.084969375,0.002592024,0.139602182,43.22622985,4.965160083,57.41562016,57.885125,0.04107914,M9
S120,3,1.094021924,0.00309627,0.137125804,42.76790639,5.054826742,58.39265688,58.643375,0.02809181,M9
S8,1,0.723692776,0.000100088,0.222681658,39.90418748,3.112726864,40.71008026,41.35931944,0.068796366,M9
S8,2,0.705394735,8.88891283381363e-05,0.223513769,40.17200827,3.101138621,39.49187689,40.17761111,0.074819996,M9
S8,3,0.704514085,7.97525459600589e-05,0.223807185,40.59843616,3.097072952,39.14219061,39.83361111,0.07702688,M9
S21,1,1.604986074,0.024150743,0.139836242,29.90207316,4.956849331,106.1669958,105.5116111,0.037177776,M9
S21,2,1.598405271,0.023284692,0.141070587,29.87363324,4.913477691,105.7840835,105.1554028,0.03658067,M9
S21,3,1.602254128,0.022735992,0.143055199,29.64538121,4.845312763,106.4109629,105.78225,0.036959163,M9
S263,1,1.623080231,0.016691658,0.203090575,22.4866898,3.41299532,119.4919261,119.1642361,0.040067652,M9
S263,2,1.480825217,0.011829019,0.228820694,21.07230243,3.029215442,111.1369737,110.9479861,0.146901651,M9
S263,3,1.559256093,0.01537658,0.211342447,21.80919248,3.27973481,115.855801,115.5794861,0.04306054,M9
S9,1,0.311585453,1.59995514952019e-07,0.443518677,32.65259984,1.562836508,19.78737585,20.05819444,0.060161282,M9
S9,2,0.304824953,3.10470157174918e-07,0.420647322,32.79982714,1.647810754,19.31316824,19.57625,0.05484508,M9
S9,3,0.308366279,2.54313554527781e-06,0.353791754,33.08623624,1.959195412,19.44921506,19.68027778,0.048395491,M9
S22,1,1.542216613,0.016022473,0.162978689,27.95788926,4.252992738,105.0807458,104.7769028,0.110643567,M9
S22,2,0.822428766,0.000198815,0.395578653,21.05118306,1.752236063,61.76954977,62.37448611,0.233107653,M9
S22,3,1.239904979,0.002241436,0.259449972,24.33557398,2.671602445,89.04440551,89.46506944,0.118448259,M9
S34,1,1.20064917,0.11211505,0.084583095,26.8737111,8.194866636,81.83506177,81.18198611,0.086259262,M9
S34,2,1.159789776,0.092480634,0.098437052,24.84731746,7.041527234,81.73692978,81.13211111,0.081214836,M9
S34,3,1.016122151,0.034511177,0.156205322,21.43276419,4.437410785,75.70530548,75.63202778,0.061296551,M9
S391,1,1.428494895,0.028764223,0.200406528,19.38511076,3.458705592,109.5247671,109.0884861,0.032829958,M9
S391,2,1.450707015,0.027377638,0.225080136,17.55387025,3.07955732,113.9088457,113.3732361,0.058451286,M9
S391,3,1.407547051,0.022557738,0.242338075,16.99018836,2.860248766,111.3386603,110.893125,0.053409525,M9
S10,1,1.40011904,0.029403973,0.278733714,13.7836144,2.486771949,115.2274018,114.9441944,0.029079215,M9
S10,2,1.400281978,0.028150257,0.281325421,13.81519072,2.463862593,115.2021394,114.9179028,0.029886285,M9
S10,3,1.403840912,0.027408959,0.282604623,13.85815958,2.452709985,115.4380148,115.1513611,0.030254527,M9
S27,1,0.49203142,2.81750690127819e-05,0.160387682,60.90120473,4.321698339,17.35802356,17.405,0.006409452,M9
S27,2,0.698760335,4.66980914347298e-05,0.163836452,58.67615465,4.230726277,26.19975315,26.39881944,0.00753466,M9
S27,3,0.744444817,3.10638337575856e-05,0.173868055,57.99977487,3.986627567,28.41217902,28.74079167,0.012291799,M9
S491,1,1.639194525,0.045922497,0.215788233,16.43551131,3.212163943,130.4649076,130.0562778,0.039440858,M9
S491,2,1.675314437,0.048382675,0.21182145,16.59562506,3.272318172,133.0603131,132.6385417,0.04192263,M9
S491,3,1.650966554,0.049142641,0.202890531,17.17266489,3.41636043,130.1563485,129.7513611,0.036631497,M9
S11,1,1.166616008,0.037488841,0.207348152,16.42241251,3.342914684,92.83710774,92.43954167,0.081449208,M9
S11,2,1.347657437,0.077486977,0.14599868,19.15631362,4.747626352,103.2254843,102.5772083,0.097023183,M9
S11,3,1.412662351,0.073975944,0.152109313,19.03699443,4.556901644,108.4465636,107.7569583,0.092028464,M9
S28,1,0.040920075,0.000890829,0.073174301,52.00203734,9.472549342,1.816230727,1.818986111,0.000461436,M9
S28,2,0.058218909,0.001225188,0.065822862,58.33607091,10.53049294,2.253623373,2.248569444,0.00052757,M9
S28,3,0.090149326,0.00180614,0.055365909,70.26050986,12.51938594,2.64983392,2.636486111,0.00074252,M9
S2,1,1.405692181,0.024379448,0.185604361,21.75083106,3.734541462,104.4611572,104.0304444,0.036380641,M9
S2,2,1.475733942,0.021722681,0.1965968,21.38246646,3.525729728,110.2375631,109.8785833,0.066461912,M9
S2,3,1.479498616,0.021726568,0.198007529,21.24226658,3.500610224,110.7272692,110.3248611,0.052720292,M9
S14,1,1.774969493,0.186590228,0.139173556,15.38765396,4.980451737,141.9486312,141.5585833,0.07704708,M9
S14,2,1.807550479,0.20954131,0.125490054,16.18927477,5.523522868,142.7734726,142.3313611,0.088754363,M9
S14,3,1.789073186,0.176948851,0.143833953,15.3610972,4.819078982,143.2563804,142.8000417,0.074598583,M9
S29,1,1.617333333,0.211946212,0.241846631,7.822046307,2.866060929,141.9294158,141.1511667,0.105414092,M9
S29,2,1.613333333,0.210500603,0.242926596,7.80795667,2.853319452,141.6096556,140.6202083,0.107291617,M9
S29,3,1.629218513,0.221557992,0.231184946,7.997925739,2.998236663,142.6020094,142.155,0.105691591,M9
S5,1,1.631879309,0.047406806,0.321091549,10.92909805,2.158721348,138.9335427,138.637625,0.071677922,M9
S5,2,1.635677391,0.056604422,0.299436218,11.11591024,2.314840822,138.9091293,138.55,0.059833663,M9
S5,3,1.633673887,0.060893938,0.293222645,11.08872872,2.363893757,138.7638972,138.3892361,0.063281714,M9
S16,1,1.194726072,0.015162024,0.350724433,12.4146079,1.976329892,100.0069731,99.84498611,0.079186229,M9
S16,2,1.201369545,0.019205386,0.327476049,12.58080196,2.116634734,100.3480467,100.167625,0.078811089,M9
S16,3,1.196990609,0.020017251,0.315968122,12.8940444,2.193725037,99.60235162,99.41333333,0.080431384,M9
S30,1,1.704179443,0.117778812,0.212919107,12.21315748,3.255448465,142.4839635,142.0575278,0.058185007,M9
S30,2,1.703715725,0.113060854,0.219223046,12.06066119,3.161835374,142.7444096,142.3342083,0.056170932,M9
S30,3,1.696596107,0.110332573,0.222454414,11.98284768,3.115906623,142.2984893,141.8798611,0.055942082,M9
S6,1,1.282814708,0.014066588,0.227879565,19.75597768,3.041725927,97.94764026,97.83694444,0.061741322,M9
S6,2,1.222959668,0.004664052,0.297067981,18.73417477,2.333294814,94.67055322,94.81373611,0.076666436,M9
S6,3,1.263705778,0.007953957,0.270709123,18.69837314,2.560486965,97.85677346,97.84620833,0.046046824,M9
S17,2,0.901126071,3.95958638973953e-10,0.664120392,32.44231245,1.043707119,57.41591726,57.88751389,0.063102577,M9
S17,3,1.266702485,5.57231904322553e-10,0.688318152,31.30014315,1.007015693,82.15567883,82.71895833,0.065786749,M9
S31,1,1.526273688,0.05910567,0.187836337,17.09872802,3.690165555,120.3452537,119.731875,0.063445931,M9
S31,2,1.55492564,0.0658277,0.176415062,17.67924485,3.929070291,121.6474538,120.9808194,0.073437505,M9
S31,3,1.32988471,0.024345551,0.257044209,15.49158522,2.69660687,107.1815144,107.0139583,0.084586869,M9
S7,1,0.680118989,0.000719526,0.482387371,14.20097771,1.436909882,55.73907253,55.81698611,0.286097907,M9
S7,2,0.734033684,0.001495728,0.422449474,14.66187723,1.64078126,59.81739575,59.86569444,0.287493217,M9
S7,3,0.916618746,0.004947472,0.30848204,16.90990751,2.246961221,72.62425655,72.64894444,0.200720421,M9
S19,1,1.372119973,0.018451829,0.215955679,19.89023775,3.209673311,104.5625742,104.2502917,0.038260166,M9
S19,2,1.38013481,0.020755321,0.213429472,19.59420561,3.247663848,105.5704496,105.1624861,0.039065575,M9
S19,3,1.364801104,0.017669374,0.223528911,19.38854394,3.100928542,104.6955492,104.3376111,0.040370627,M9
S32,1,1.814676318,0.036027934,0.236793897,16.46712391,2.92721725,144.4595669,143.9495417,0.060127137,M9
S32,2,1.787682121,0.020855073,0.262683992,16.89993875,2.638711157,141.6084594,141.2760278,0.050326718,M9
S32,3,1.581412073,0.009250674,0.335505476,15.3067851,2.06597874,127.8315219,127.7702361,0.161420014,M9