,Isolate,Rep,k,n0,r,t_mid,t_gen,auc_l,auc_e,sigma,note,Media
1,S120,1,0.447484185,0.000105539,0.589213279,14.17497571,1.176394363,15.16942131,15.34297222,0.026723392,,R2A
2,S120,2,0.44857437,0.000106689,0.57788221,14.43836583,1.199461012,15.08822274,15.23334722,0.024471546,,R2A
3,S120,3,0.445395609,0.000142785,0.568261637,14.1573089,1.219767684,15.10641566,15.23934722,0.022054548,,R2A
4,S8,1,0.58897141,0.000568846,0.540477244,12.84338304,1.282472459,20.74919853,20.84113889,0.056430323,,R2A
5,S8,2,0.563280351,0.000246414,0.608550704,12.70901613,1.139013028,19.92040231,20.06822222,0.03813203,,R2A
6,S8,3,0.560235679,0.000112312,0.673309889,12.64592998,1.02946235,19.84830667,20.05259722,0.039546855,,R2A
7,S21,1,0.465886846,0.000382734,0.64629676,10.99113807,1.07249057,17.27616164,17.40213889,0.038628913,,R2A
8,S21,2,0.458381829,0.000359759,0.637245076,11.21897621,1.087724655,16.89343949,17.00201389,0.030239995,,R2A
9,S21,3,0.465659994,0.00035123,0.647475601,11.10314653,1.070537916,17.21564105,17.36463889,0.034085895,,R2A
10,S33,1,0.418902369,0.004227255,0.208712597,21.9725237,3.321060595,10.92253891,10.87005556,0.005511917,,R2A
11,S33,2,0.447840343,0.007646887,0.189065093,21.43661509,3.66618273,11.9041649,11.94388889,0.005878228,,R2A
12,S33,3,0.398173977,0.00333333,0.225188924,21.20224377,3.078069604,10.68921538,10.68184722,0.003425003,,R2A
13,S263,1,0.491556922,0.034880966,0.152065682,16.91395951,4.558209135,15.10753024,15.04147222,0.0351567,,R2A
14,S263,2,0.444482057,0.050873353,0.129763272,15.76731204,5.341628396,13.99508086,13.86218056,0.034048574,,R2A
15,S263,3,0.440431053,0.05318457,0.128399655,15.4618257,5.398357026,13.97399025,13.84372222,0.037739915,,R2A
16,S9,1,0.356940751,0.001692584,0.382149844,13.99074249,1.813809927,12.16152372,12.14647222,0.009338787,,R2A
17,S9,2,0.361184124,0.001008167,0.424755732,13.83962251,1.631872458,12.36279809,12.37222222,0.007881269,,R2A
18,S9,3,0.353455732,0.001740454,0.379583059,13.98554432,1.826075121,12.04442106,12.04034722,0.008151184,,R2A
19,S22,1,0.421910867,0.000276006,0.926678114,7.911563422,0.747991315,16.94497519,17.02563889,0.047992465,,R2A
20,S22,2,0.425269581,0.000201799,0.976510556,7.836816684,0.709820469,17.11175055,17.19180556,0.05315934,,R2A
21,S22,3,0.42004557,0.00033913,0.922033483,7.723067818,0.75175923,16.94916571,17.03313889,0.050260673,,R2A
22,S34,1,0.499657877,0.022630204,0.401055074,7.600674447,1.728309217,20.16543246,20.11051389,0.019181711,,R2A
23,S34,2,0.494228538,0.021315435,0.423479986,7.319071291,1.636788521,20.09115417,20.04205556,0.021255851,,R2A
24,S34,3,0.505122779,0.019307609,0.434453885,7.42386953,1.595444775,20.48835895,20.44205556,0.022133526,,R2A
25,S391,1,0.414293557,0.000379359,0.452611712,15.45459754,1.531438897,13.51346929,13.56751389,0.01195752,,R2A
26,S391,2,0.42665435,0.000486814,0.437673755,15.47889359,1.583707438,13.90603979,13.95776389,0.010259995,,R2A
27,S391,3,0.430506246,0.000463842,0.444259788,15.37860457,1.560229397,14.0748387,14.12788889,0.010559274,,R2A
28,S10,1,0.420590815,0.000451573,1.417490813,4.822326443,0.488995889,18.19124166,18.19072222,0.019299834,,R2A
29,S10,2,0.423713677,0.000432376,1.417730589,4.857407946,0.488913187,18.31146201,18.32188889,0.020065747,,R2A
30,S10,3,0.420295239,0.000343332,1.473236115,4.825566077,0.470492933,18.17718126,18.18855556,0.020073374,,R2A
31,S27,1,0.594854663,0.000543701,0.363290128,19.25942565,1.907971419,17.13946279,17.15388889,0.023742874,,R2A
32,S27,2,0.597623245,0.000246509,0.411862168,18.92114883,1.682959092,17.42226333,17.48259722,0.018985844,,R2A
33,S27,3,0.607367197,0.000783766,0.340435783,19.53815542,2.036058534,17.32997858,17.32905556,0.017729504,,R2A
34,S491,1,0.451595164,0.001689619,0.753375053,7.412688407,0.920055924,18.36053091,18.37622222,0.017886888,,R2A
35,S491,2,0.442681457,0.001903239,0.729768333,7.461251308,0.949818112,17.97621684,17.98568056,0.012208725,,R2A
36,S491,3,0.421623814,0.001218197,0.824730944,7.085762965,0.840452496,17.28044211,17.30168056,0.016716301,,R2A
37,S11,1,0.42773492,9.62E-05,1.736687316,4.836396808,0.39912031,18.49448624,18.55518056,0.104533499,,R2A
38,S11,2,0.431732903,9.88E-05,1.744684945,4.804568811,0.397290744,18.68109231,18.74034722,0.10655755,,R2A
39,S11,3,0.436277773,0.000101842,1.740354172,4.80498504,0.39827938,18.87756603,18.94088889,0.107520977,,R2A
40,S28,1,0.707199984,0.010078145,0.118831918,35.65196167,5.833005082,9.924688012,9.868930556,0.010300547,,R2A
41,S28,2,0.316261577,0.002565012,0.21006562,22.88076975,3.299669789,7.963172349,8.007055556,0.007477524,,R2A
42,S28,3,0.294373642,0.003561079,0.194028329,22.69058069,3.572401952,7.464933189,7.533097222,0.006956367,,R2A
43,S2,1,0.649003087,0.00121911,0.73072255,8.587987664,0.948577789,25.62534268,25.69630556,0.012413626,,R2A
44,S2,2,0.623483305,0.000763701,0.793442133,8.448852486,0.873595126,24.7051051,24.77938889,0.018956222,,R2A
45,S2,3,0.78342,0.002823863,0.611124535,9.19935589,1.134215926,30.45111037,30.45872222,0.022496313,,R2A
46,S14,1,0.517005863,7.82E-05,1.361773533,6.459798742,0.509003269,21.51510203,21.5315,0.039310666,,R2A
47,S14,2,0.502501454,8.46E-05,1.355841306,6.40871578,0.511230317,20.93716641,20.96434722,0.040270762,,R2A
48,S14,3,0.502319471,9.85E-05,1.333692871,6.40058395,0.519720241,20.93365722,20.94906944,0.032123583,,R2A
49,S29,1,0.51316133,0.003846865,0.850628785,5.743759275,0.814864478,21.71807382,21.80830556,0.060762748,,R2A
50,S29,2,0.519423345,0.003012274,0.887890493,5.793741128,0.78066742,21.95832614,22.06409722,0.057585124,,R2A
51,S29,3,0.532673624,0.001798607,0.956782474,5.944417394,0.724456394,22.43981913,22.52880556,0.05552361,,R2A
52,S5,1,0.475943032,0.00041198,1.580294114,4.461962667,0.438619099,20.7569282,20.81418056,0.071944749,,R2A
53,S5,2,0.503901603,0.000624111,1.45339738,4.604776023,0.476915116,21.90414589,21.95193056,0.045608198,,R2A
54,S5,3,0.518800938,0.000729661,1.408789795,4.660232808,0.492016043,22.52295951,22.56526389,0.04212387,,R2A
55,S16,1,0.47773217,3.18E-05,1.670768144,5.755819745,0.414867367,20.21708208,20.27255556,0.101294044,,R2A
56,S16,2,0.473299808,4.20E-05,1.604371285,5.815525238,0.432036641,20.00124367,20.05434722,0.11346619,,R2A
57,S16,3,0.514175027,4.64E-05,1.48174764,6.285027618,0.467790305,21.48718603,21.53697222,0.124734112,,R2A
58,S30,1,0.543280546,0.00402492,0.790570609,6.195126306,0.876768213,22.74725963,22.75188889,0.011760438,,R2A
59,S30,2,0.557999535,0.004537958,0.770759815,6.232441066,0.899303735,23.34206173,23.34972222,0.011973065,,R2A
60,S30,3,0.552274059,0.003481595,0.814753841,6.210746668,0.850744293,23.11610097,23.12926389,0.013301898,,R2A
61,S6,1,0.421931737,0.000301529,0.674425877,10.73953203,1.027758875,15.7524544,15.80833333,0.049239057,,R2A
62,S6,2,0.424309782,0.000218981,0.730233236,10.36479612,0.949213411,16.00039057,16.04115278,0.045118948,,R2A
63,S6,3,0.420529749,0.000192152,0.739857631,10.39460495,0.936865624,15.84535049,15.88554167,0.041601952,,R2A
64,S17,1,0.534847876,0.001779521,0.68414913,8.334886576,1.013152177,21.25216127,21.26972222,0.036632864,,R2A
65,S17,2,0.536978846,0.001441172,0.699368826,8.461650609,0.991103914,21.26931804,21.28543056,0.043730654,,R2A
66,S17,3,0.543274065,0.002867851,0.620482231,8.443042838,1.117110444,21.52622934,21.54547222,0.037782468,,R2A
67,S31,1,0.688031461,0.006070662,0.634295304,7.443701013,1.092783087,27.9458077,27.90676389,0.053138032,,R2A
68,S31,2,0.632274248,0.001783771,0.84806091,6.919040915,0.817331836,26.01957114,26.04776389,0.124729348,,R2A
69,S31,3,0.674469261,0.00308862,0.792138769,6.793774232,0.875032517,27.83882244,27.87405556,0.124067596,,R2A
70,S7,1,0.453074427,0.003017077,0.621679279,8.050914397,1.114959439,18.12889446,18.08531944,0.065391118,,R2A
71,S7,2,0.441981791,4.73E-05,1.200150972,7.61821103,0.577549989,17.88100187,17.94597222,0.074773261,,R2A
72,S7,3,0.551587677,1.89E-05,1.306163159,7.872701523,0.53067427,22.17492476,22.27234722,0.097453269,,R2A
73,S19,1,0.520922298,0.00030579,0.905884832,8.212820123,0.765160378,20.76461597,20.85968056,0.027925876,,R2A
74,S19,2,0.52633352,0.000304938,0.910180041,8.188493061,0.761549528,20.99312425,21.08693056,0.031087687,,R2A
75,S19,3,0.525969979,0.000268864,0.908665051,8.340016305,0.762819237,20.89896647,20.98572222,0.031960979,,R2A
76,S32,1,0.482913535,2.45E-05,1.096860627,9.015370468,0.631937334,18.86226728,18.89320833,0.022535181,,R2A
77,S32,2,0.485527479,3.71E-05,1.05665693,8.972044424,0.655981294,18.9853895,19.01988889,0.021319193,,R2A
78,S32,3,0.481179901,4.39E-05,1.04052592,8.939381158,0.666150806,18.83109735,18.88443056,0.021350516,,R2A
79,S120,1,0.69022028,0.000285462,0.285914137,27.24678875,2.424319371,47.56295522,48.2593125,0.165068595,,M9ng
80,S391,3,0.471430805,0.006913418,0.162799312,25.84491803,4.257678796,33.10502961,33.1543125,0.040375874,,M9ng
81,S5,2,1.436507884,0.055877144,0.317794024,10.09188361,2.181120876,123.4553953,123.2640625,0.074835333,,M9ng
82,S8,1,0.586592798,0.000477737,0.153719694,46.26739981,4.509163143,29.26417188,29.74939583,0.033909434,,M9ng
83,S10,3,1.336977499,0.013482987,0.388114661,11.81764743,1.785934032,112.7263119,112.6202292,0.02737838,,M9ng
84,S16,2,0.843019186,0.000734789,0.700307182,10.05885636,0.989775914,72.58222711,72.7030625,0.193235589,,M9ng
85,S21,1,1.401676278,0.013001897,0.173859392,26.86659357,3.986826214,97.04911284,96.6163125,0.028597471,,M9ng
86,S27,3,0.312385921,9.99E-05,0.154343056,52.13809197,4.490951521,13.75283544,13.98847917,0.008849867,,M9ng
87,S30,2,1.497337696,0.057637314,0.259840855,12.38458105,2.66758351,125.2109815,124.9972292,0.034780021,,M9ng
88,S120,2,1.08802366,0.001835158,0.203457937,31.37404986,3.406832835,70.47751364,71.53997917,0.085366432,,M9ng
89,S491,1,1.544800813,0.022982343,0.293025215,14.30912709,2.365486466,126.3612707,126.2436458,0.037973551,,M9ng
90,S5,3,1.349339699,0.058369845,0.302812776,10.22529392,2.289028849,115.7554344,115.5643958,0.139203967,,M9ng
91,S8,2,0.935932731,0.000514811,0.172961727,43.39080668,4.007517684,49.38420638,49.6675625,0.017196408,,M9ng
92,S11,1,0.907088218,0.019263205,0.352331774,10.87207616,1.967313854,77.30664467,77.15589583,0.09409222,,M9ng
93,S16,3,0.974000742,0.00137531,0.601953096,10.90005162,1.151496995,83.03907276,83.17897917,0.111623743,,M9ng
94,S21,2,1.380662763,0.02918136,0.130305129,29.43419392,5.319415933,91.89857904,91.1950625,0.047536301,,M9ng
95,S28,1,0.251381219,0.007737515,0.077334642,44.6064828,8.962958474,12.91725152,12.8833125,0.003172505,,M9ng
96,S30,3,1.576217938,0.068892085,0.235541153,13.09983864,2.942785881,130.6187818,130.3284792,0.029357384,,M9ng
97,S120,3,1.199224036,0.004212373,0.155234719,36.38287272,4.46515564,71.65737382,71.7460625,0.017197397,,M9ng
98,S491,2,1.541881789,0.021981743,0.296140902,14.30463534,2.340599276,126.1335365,126.0304792,0.04232187,,M9ng
99,S6,1,1.180846181,0.004371453,0.326979617,17.11171597,2.119848286,93.32817422,93.48189583,0.088464182,,M9ng
100,S8,3,0.899276712,0.00023747,0.197716221,41.6710399,3.505767896,48.99779837,49.27639583,0.034662552,,M9ng
101,S11,2,0.978849863,0.067271218,0.208669207,12.49080032,3.321751166,81.56368608,81.21272917,0.150132087,,M9ng
102,S17,1,0.911318087,0.000183681,0.154436686,55.09860749,4.488228779,37.42741875,36.985625,0.039709177,,M9ng
103,S21,3,1.399311793,0.032792341,0.123718512,30.14768947,5.602614926,92.10408374,91.38272917,0.048579652,,M9ng
104,S28,2,0.230498562,0.00622548,0.087133238,41.1348635,7.955026048,12.63214013,12.58989583,0.004411468,,M9ng
105,S31,1,1.363305522,0.02680917,0.262303823,14.9028053,2.642535565,110.6725065,110.4007292,0.077384119,,M9ng
106,S263,1,1.354205795,0.00479128,0.189487992,29.76773614,3.658000567,89.88084961,89.5100625,0.049353614,,M9ng
107,S491,3,1.546319607,0.02098343,0.29868368,14.35042259,2.320673094,126.4300128,126.3061458,0.044405168,,M9ng
108,S6,2,1.174407759,0.003007983,0.334355127,17.83937072,2.073086744,91.96906324,92.16922917,0.091111798,,M9ng
109,S9,1,0.250171578,4.25E-06,0.3143176,34.94407807,2.205244568,15.31398383,15.52225,0.034166812,,M9ng
110,S11,3,0.935369543,0.047109563,0.244268459,12.02279026,2.837645038,78.49967873,78.19772917,0.167113427,,M9ng
111,S17,2,0.860374879,4.31E-05,0.177947354,55.64806648,3.895237345,34.85711228,34.57289583,0.037132057,,M9ng
112,S22,1,0.954276452,0.000284281,0.355514816,22.83575055,1.949699844,69.96894929,70.8400625,0.177646912,,M9ng
113,S28,3,0.168526899,0.003689189,0.101940883,37.27213937,6.79950142,9.891350348,9.8758125,0.003029281,,M9ng
114,S31,2,1.352984119,0.02877018,0.264577546,14.47301533,2.619826172,110.4086494,110.1540625,0.068219281,,M9ng
115,S34,1,1.09159575,0.062072005,0.116779744,24.05003137,5.935508633,78.16762988,77.87472917,0.025228473,,M9ng
116,S263,2,1.3946242,0.008743181,0.178646642,28.35663319,3.879989975,94.50845201,94.09264583,0.051679366,,M9ng
117,S2,1,0.932050128,0.006317305,0.139634736,35.71670693,4.964002527,56.29041345,56.30222917,0.055740432,,M9ng
118,S6,3,1.178281836,0.003774941,0.337643158,17.00084471,2.05289864,93.2583055,93.40014583,0.087000024,,M9ng
119,S9,2,0.291696279,2.45E-08,0.447035118,36.44624855,1.550543017,17.41771188,17.71425,0.042538043,,M9ng
120,S14,1,1.580868604,0.108910954,0.197473433,13.18566191,3.510078147,130.5970124,130.3207292,0.058055144,,M9ng
121,S17,3,0.867888224,3.47E-05,0.172063217,58.86396424,4.028444857,32.37513465,32.09175,0.030455908,,M9ng
122,S22,2,1.011122967,0.000553765,0.314580655,23.87077348,2.203400528,73.08957032,73.7315625,0.127239128,,M9ng
123,S29,1,1.411375,0.074970068,0.31188962,9.23611842,2.222411828,122.4324556,122.1830625,0.035408112,,M9ng
124,S31,3,1.401214561,0.033470938,0.244114296,15.1987826,2.839437066,113.3025363,112.9630625,0.050713071,,M9ng
125,S34,2,1.051716825,0.055324046,0.123709063,23.36881253,5.603042858,76.0953129,75.84864583,0.023241663,,M9ng
126,S263,3,1.409752682,0.010592009,0.171390292,28.49360894,4.044261622,95.32817685,94.86664583,0.055460415,,M9ng
127,S2,2,1.05636914,0.006407544,0.136555758,37.34029936,5.075927892,62.0887103,61.99697917,0.048228881,,M9ng
128,S7,1,0.900098901,0.002144002,0.406620791,14.84785232,1.704652579,73.18194559,73.30889583,0.141079958,,M9ng
129,S9,3,0.43055385,0.000329577,0.164436884,43.62922162,4.215278011,22.61495085,22.72395833,0.031404536,,M9ng
130,S14,2,1.576002853,0.096320938,0.207647452,13.15641815,3.33809625,130.3321694,130.0563958,0.055110085,,M9ng
131,S19,1,0.804102398,0.00767802,0.118490681,39.17413936,5.849803348,45.7637186,45.7503125,0.024311704,,M9ng
132,S22,3,0.882065667,0.000606838,0.298995803,24.35175282,2.318250535,63.33584401,64.0693125,0.12869616,,M9ng
133,S29,2,1.394957499,0.067279494,0.321079385,9.288454759,2.158803126,120.9646377,120.8346458,0.031654838,,M9ng
134,S32,1,1.641931273,0.037994467,0.214006789,17.48905185,3.238902759,128.9894728,128.4111458,0.04782726,,M9ng
135,S34,3,1.036468716,0.051507357,0.131771296,22.39393432,5.2602289,76.05374519,75.8160625,0.021317968,,M9ng
136,S391,1,0.710775731,0.017549557,0.1094872,33.57769301,6.330851276,44.32516446,44.1595625,0.012648815,,M9ng
137,S2,3,1.00282254,0.008649609,0.128430466,36.94136735,5.397061938,59.32007528,59.2195625,0.039439772,,M9ng
138,S7,2,0.835075504,0.001893522,0.418515343,14.54382363,1.656204946,68.14951634,68.25247917,0.148715477,,M9ng
139,S10,1,1.3905,0.01689902,0.355109843,12.38471832,1.95192331,116.4389457,115.7518125,0.040372826,,M9ng
140,S14,3,1.573442957,0.092668098,0.21586958,12.83782788,3.210953485,130.6571869,130.3787292,0.057601588,,M9ng
141,S19,2,0.789250971,0.01050721,0.111682788,38.55222883,6.206392167,45.38208716,45.29014583,0.028724147,,M9ng
142,S27,1,0.40501563,3.50E-05,0.169829244,55.08816427,4.081435946,16.63597064,16.65947917,0.0039246,,M9ng
143,S29,3,1.390109607,0.067376787,0.333289498,8.932638609,2.079715039,121.0456697,120.8974792,0.034997049,,M9ng
144,S32,2,1.577845677,0.038786362,0.215532012,17.07801055,3.215982505,124.5939023,124.1279792,0.040601685,,M9ng
145,S391,2,0.626140439,0.014863608,0.118464538,31.3733896,5.851094294,40.43977132,40.33147917,0.013666981,,M9ng
146,S5,1,1.637676326,0.124285978,0.201226405,12.42144389,3.444613455,136.4911295,136.0897292,0.074746888,,M9ng
147,S7,3,0.726875,0.000846337,0.563215659,11.99261209,1.230695862,61.17625316,61.05114583,0.238838765,,M9ng
148,S10,2,1.377241809,0.012474869,0.395971661,11.85696677,1.75049694,116.071336,115.9566458,0.021686908,,M9ng
149,S16,1,0.895257266,0.003180301,0.507460846,11.1074118,1.365912633,76.13592855,76.21864583,0.072418969,,M9ng
150,S19,3,0.904175506,0.013789048,0.0912792,45.65970026,7.593703508,45.60529293,45.66789583,0.017441138,,M9ng
151,S27,2,0.640276743,0.000247416,0.149525849,52.55412353,4.635634475,27.92323481,28.06820833,0.00818709,,M9ng
152,S30,1,1.481716895,0.050573062,0.267098637,12.51526498,2.595098156,123.7422869,123.5464792,0.022308984,,M9ng
153,S32,3,1.521702204,0.024610684,0.261411874,15.71504305,2.651552008,122.3153946,122.0123125,0.034157414,,M9ng
154,S120,1,0.731918744,0.001688779,0.154311061,39.33194069,4.491882683,41.58187946,42.18963889,0.099237463,,M9wg
155,S120,2,1.086870432,0.002677748,0.138994985,43.19303266,4.986850269,57.55179236,58.04526389,0.041282224,,M9wg
156,S120,3,1.097080095,0.00324751,0.136231869,42.71801061,5.087995813,58.60968294,58.89959722,0.028357023,,M9wg
157,S8,1,0.731314837,0.00013273,0.216805639,39.73189085,3.197090184,41.2646956,42.06393056,0.069587147,,M9wg
158,S8,2,0.711923536,0.000113896,0.218423272,40.01532006,3.173412676,39.9688287,40.78613889,0.075472856,,M9wg
159,S8,3,0.712083842,0.000106858,0.217839575,40.41643507,3.181915783,39.6922341,40.53822222,0.077777504,,M9wg
160,S21,1,1.611862112,0.025247844,0.138794619,29.83269023,4.99404939,106.7251625,106.1201389,0.03604407,,M9wg
161,S21,2,1.605271599,0.024355989,0.140013508,29.80413647,4.950573642,106.3418322,105.7639306,0.035476044,,M9wg
162,S21,3,1.608392374,0.023674778,0.142093971,29.58430404,4.878090008,106.9097443,106.3267222,0.035978926,,M9wg
163,S263,1,1.629757822,0.017567898,0.20142167,22.43688798,3.441274115,120.0599594,119.7727639,0.039556431,,M9wg
164,S263,2,1.487511681,0.012640508,0.226401147,21.02206354,3.061588637,111.7095951,111.5565139,0.146828505,,M9wg
165,S263,3,1.566951932,0.016374739,0.209229515,21.74952537,3.312855641,116.5159175,116.2840972,0.04261461,,M9wg
166,S9,1,0.314907849,2.45E-07,0.432264018,32.54100314,1.603527361,20.03350859,20.37847222,0.060336725,,M9wg
167,S9,2,0.304824953,3.10E-07,0.420647322,32.79982714,1.647810754,19.31316824,19.57625,0.05484508,,M9wg
168,S9,3,0.310723893,3.23E-06,0.347660323,33.00285798,1.993748308,19.62381955,19.90447222,0.048522103,,M9wg
169,S22,1,1.546801102,0.016573114,0.162131444,27.91186077,4.275217465,105.4606669,105.1932639,0.110526631,,M9wg
170,S22,2,0.827733394,0.000233125,0.389725699,20.97524195,1.778551381,62.23072721,62.88693056,0.233254923,,M9wg
171,S22,3,1.246433237,0.002485034,0.25613447,24.26756187,2.706184689,89.59698905,90.07359722,0.118695817,,M9wg
172,S34,1,1.204306768,0.11384099,0.084296617,26.80484264,8.22271648,82.14514138,81.50226389,0.086000454,,M9wg
173,S34,2,1.163463522,0.09413223,0.098037264,24.7873938,7.070241965,82.04677005,81.45238889,0.080960205,,M9wg
174,S34,3,1.017517081,0.034943837,0.155837943,21.40963053,4.447871738,75.82968359,75.76013889,0.06127924,,M9wg
175,S391,1,1.43400472,0.02983619,0.199189677,19.3357335,3.479834851,110.012206,109.6009306,0.032105025,,M9wg
176,S391,2,1.457278868,0.028603882,0.223399015,17.5066138,3.102731589,114.4877714,113.9817639,0.057863257,,M9wg
177,S391,3,1.414445828,0.023721994,0.240308345,16.94147153,2.884407449,111.9480148,111.5336806,0.052844896,,M9wg
178,S10,1,1.409684706,0.031417672,0.275568853,13.72147696,2.515332098,116.0942842,115.8409722,0.02817379,,M9wg
179,S10,2,1.408827453,0.02989419,0.278434835,13.76049569,2.489441313,115.9754192,115.7185972,0.029094203,,M9wg
180,S10,3,1.413409891,0.02932205,0.279365271,13.79719387,2.48115014,116.3035851,116.0481389,0.029375371,,M9wg
181,S27,1,0.49203142,2.82E-05,0.160387682,60.90120473,4.321698339,17.35802356,17.405,0.006409452,,M9wg
182,S27,2,0.699177066,4.74E-05,0.163600685,58.66928912,4.236823225,26.22025817,26.43084722,0.007628699,,M9wg
183,S27,3,0.744444817,3.11E-05,0.173868055,57.99977487,3.986627567,28.41217902,28.74079167,0.012291799,,M9wg
184,S491,1,1.650945383,0.049019502,0.213195652,16.3546658,3.251225694,131.5176283,131.1452222,0.038261785,,M9wg
185,S491,2,1.684311846,0.050793735,0.209908785,16.53441178,3.302135163,133.8653431,133.4712639,0.041040877,,M9wg
186,S491,3,1.66064618,0.051776791,0.200939059,17.10142864,3.449539301,131.02331,130.6481389,0.035588453,,M9wg
187,S11,1,1.171454496,0.038802079,0.20602461,16.37592522,3.364390205,93.26960882,92.88793056,0.081217512,,M9wg
188,S11,2,1.35673507,0.080850021,0.144767513,19.05675844,4.788002269,104.0303526,103.4099306,0.096430686,,M9wg
189,S11,3,1.41756343,0.075701099,0.15140926,18.98840967,4.57797087,108.879125,108.2053472,0.091667449,,M9wg
190,S28,1,0.04326736,0.001388525,0.065945391,51.65696311,10.51092679,1.938020739,1.947097222,0.000622942,,M9wg
191,S28,2,0.058218909,0.001225188,0.065822862,58.33607091,10.53049294,2.253623373,2.248569444,0.00052757,,M9wg
192,S28,3,0.091440733,0.001934467,0.054355867,70.54393817,12.75202134,2.679580248,2.668513889,0.000683461,,M9wg
193,S2,1,1.414488543,0.026016632,0.183519216,21.6719706,3.776973309,105.2166376,104.8311389,0.035394499,,M9wg
194,S2,2,1.48373069,0.023007041,0.194755883,21.31328132,3.559056443,110.9304339,110.6152222,0.06605065,,M9wg
195,S2,3,1.487224361,0.02302544,0.196059668,21.17959263,3.535388941,111.3914402,111.0294722,0.052164008,,M9wg
196,S14,1,1.783783765,0.191216301,0.138527142,15.30167639,5.003692213,142.7703825,142.3913056,0.076597599,,M9wg
197,S14,2,1.817087269,0.214799085,0.124880604,16.09124906,5.550479088,143.6585406,143.2281389,0.088279019,,M9wg
198,S14,3,1.800007437,0.18257918,0.14292806,15.2622846,4.849622814,144.2661594,143.8249306,0.073944351,,M9wg
199,S29,1,1.635,0.219449992,0.241518685,7.718446504,2.86995261,143.6230855,142.8486389,0.104651063,,M9wg
200,S29,2,1.639,0.221353327,0.24208581,7.670806145,2.86322929,144.0483081,143.0863472,0.106192353,,M9wg
201,S29,3,1.645947271,0.230125369,0.229930113,7.901710757,3.014599396,144.1871827,143.7563889,0.10497959,,M9wg
202,S5,1,1.657933619,0.054095218,0.313830584,10.80012404,2.208666762,141.3425387,141.1037639,0.070661136,,M9wg
203,S5,2,1.659743716,0.063434585,0.293406625,10.99307223,2.362411481,141.1316058,140.8239722,0.058434414,,M9wg
204,S5,3,1.655383842,0.067325011,0.28793571,10.97722783,2.407298426,140.7682585,140.4390139,0.062025322,,M9wg
205,S16,1,1.201210992,0.016162472,0.347057559,12.37502795,1.997211018,100.5942076,100.4535139,0.079056435,,M9wg
206,S16,2,1.209214895,0.020607608,0.323618549,12.52980472,2.141864805,101.0602991,100.9042639,0.078636083,,M9wg
207,S16,3,1.202766247,0.021015624,0.313482002,12.853963,2.211122733,100.1277188,99.95780556,0.080296948,,M9wg
208,S30,1,1.718713987,0.123726844,0.211022564,12.11503001,3.284706474,143.8374283,143.4347222,0.05711854,,M9wg
209,S30,2,1.720615315,0.119872676,0.2169026,11.949109,3.195661006,144.3183515,143.9355972,0.054940632,,M9wg
210,S30,3,1.71214669,0.116501872,0.220266995,11.881607,3.146849946,143.7458753,143.3531389,0.054778813,,M9wg
211,S6,1,1.290372995,0.015062818,0.225488457,19.68488968,3.073980776,98.61171447,98.54155556,0.061626324,,M9wg
212,S6,2,1.228455863,0.005031701,0.293953196,18.68886214,2.358018864,95.15033232,95.32618056,0.076778492,,M9wg
213,S6,3,1.268545486,0.008417418,0.26841927,18.65985814,2.582330177,98.27852476,98.29459722,0.046047485,,M9wg
214,S17,1,1.799432343,0.054809511,0.07577491,45.66722623,9.147449783,90.63234359,89.49154167,0.186810009,,M9wg
215,S17,2,0.901126071,3.96E-10,0.664120392,32.44231245,1.043707119,57.41591726,57.88751389,0.063102577,,M9wg
216,S17,3,1.266702485,5.57E-10,0.688318152,31.30014315,1.007015693,82.15567883,82.71895833,0.065786749,,M9wg
217,S31,1,1.53007141,0.060210119,0.187193338,17.06835791,3.702841072,120.6847419,120.0841806,0.063082177,,M9wg
218,S31,2,1.559419713,0.067197027,0.175739133,17.64201841,3.944182317,122.0486142,121.3971806,0.073035263,,M9wg
219,S31,3,1.34687519,0.027602046,0.251873325,15.35274249,2.751967402,108.7239459,108.6153472,0.084286586,,M9wg
220,S7,1,0.683487016,0.000782651,0.477876939,14.16919219,1.450472128,56.03668487,56.13726389,0.286106734,,M9wg
221,S7,2,0.735380137,0.00153709,0.4210948,14.64849323,1.646059703,59.93685903,59.99380556,0.287494938,,M9wg
222,S7,3,0.917955009,0.005034874,0.307816958,16.89400059,2.251816098,72.74443458,72.77705556,0.200721308,,M9wg
223,S19,1,1.376944299,0.019150787,0.214692105,19.84829601,3.228563906,104.9844616,104.6986806,0.037877287,,M9wg
224,S19,2,1.385650311,0.021606777,0.212061313,19.54718504,3.268616852,106.0531851,105.6749306,0.038501591,,M9wg
225,S19,3,1.372370328,0.018724754,0.221509877,19.3251441,3.129193109,105.3580933,105.0422222,0.03972651,,M9wg
226,S32,1,1.824627087,0.037952664,0.234730374,16.40934462,2.952950524,145.3482667,144.8783472,0.059296528,,M9wg
227,S32,2,1.797327573,0.022222076,0.260008236,16.84765451,2.665866246,142.4607711,142.1728056,0.049716596,,M9wg
228,S32,3,1.592963009,0.010211369,0.330853999,15.24363751,2.095024339,128.8627118,128.8591806,0.16138897,,M9wg